Date,r_t,d_tbill,d_tbill
2000-01-07,,,
2000-01-14,0.01629423706838473,0.03000020980834961,0.03000020980834961
2000-01-21,-0.01637054080692746,0.05000019073486328,0.05000019073486328
2000-01-28,-0.05798473714630248,0.1699995994567871,0.1699995994567871
2000-02-04,0.04612724225598175,0.019999980926513672,0.019999980926513672
2000-02-11,-0.02649995553788731,-0.009999752044677734,-0.009999752044677734
2000-02-18,-0.03002558335426908,0.09000015258789062,0.09000015258789062
2000-02-25,-0.009502007114227773,0.04999971389770508,0.04999971389770508
2000-03-03,0.0552988485034831,0.010000228881835938,0.010000228881835938
2000-03-10,-0.010056355043827736,0.04999971389770508,0.04999971389770508
2000-03-17,0.0485488275382977,0.019999980926513672,0.019999980926513672
2000-03-24,0.04211281730423089,0.019999980926513672,0.019999980926513672
2000-03-31,-0.019088235822881217,0.0,0.0
2000-04-07,0.011788151440515371,-0.009999752044677734,-0.009999752044677734
2000-04-14,-0.11135398837586674,-0.07000017166137695,-0.07000017166137695
2000-04-21,0.05589214075111659,-0.019999980926513672,-0.019999980926513672
2000-04-28,0.012393785230844223,0.03000020980834961,0.03000020980834961
2000-05-05,-0.013726133457815592,0.1399998664855957,0.1399998664855957
2000-05-12,-0.008179247295933223,0.1700000762939453,0.1700000762939453
2000-05-19,-0.009908465844675085,-0.26000022888183594,-0.26000022888183594
2000-05-26,-0.02077650574550649,-0.04999971389770508,-0.04999971389770508
2000-06-02,0.06954132671862467,0.04999971389770508,0.04999971389770508
2000-06-09,-0.013843851145903585,0.05000019073486328,0.05000019073486328
2000-06-16,0.005141371142474149,-0.1100001335144043,-0.1100001335144043
2000-06-23,-0.015816197148576627,0.05000019073486328,0.05000019073486328
2000-06-30,0.009060581939988488,0.009999752044677734,0.009999752044677734
2000-07-07,0.016567652744579497,0.15000009536743164,0.15000009536743164
2000-07-14,0.020797808072386736,0.11999988555908203,0.11999988555908203
2000-07-21,-0.019925974441918015,-0.029999732971191406,-0.029999732971191406
2000-07-28,-0.04159100418882655,0.059999942779541016,0.059999942779541016
2000-08-04,0.02986189657748195,0.039999961853027344,0.039999961853027344
2000-08-11,0.006071984806321318,0.05000019073486328,0.05000019073486328
2000-08-18,0.013416501445536966,-0.019999980926513672,-0.019999980926513672
2000-08-25,0.009826060142785309,0.039999961853027344,0.039999961853027344
2000-09-01,0.009460941268144119,-0.03000020980834961,-0.03000020980834961
2000-09-08,-0.017425095638899712,-0.11999988555908203,-0.11999988555908203
2000-09-15,-0.019383672068756574,0.0,0.0
2000-09-22,-0.011727642944742378,0.009999752044677734,0.009999752044677734
2000-09-29,-0.008463820152792678,0.06000041961669922,0.06000041961669922
2000-10-06,-0.019343438847226224,0.019999980926513672,0.019999980926513672
2000-10-13,-0.025023184255688946,-0.05000019073486328,-0.05000019073486328
2000-10-20,0.016427065623085824,0.11999988555908203,0.11999988555908203
2000-10-27,-0.012497936930031983,0.03000020980834961,0.03000020980834961
2000-11-03,0.033577961696621195,0.039999961853027344,0.039999961853027344
2000-11-10,-0.043484929407686224,-0.019999980926513672,-0.019999980926513672
2000-11-17,0.0012729930134440792,-0.019999980926513672,-0.019999980926513672
2000-11-24,-0.01915544604157482,0.019999980926513672,0.019999980926513672
2000-12-01,-0.019978111997963843,-0.13000011444091797,-0.13000011444091797
2000-12-08,0.04071891491026314,-0.1399998664855957,-0.1399998664855957
2000-12-15,-0.043063423477557095,-0.07000017166137695,-0.07000017166137695
2000-12-22,-0.004736323968066891,-0.7100000381469727,-0.7100000381469727
2000-12-29,0.010913149612590267,0.6100001335144043,0.6100001335144043
2001-01-05,-0.016749648767003578,-0.7600002288818359,-0.7600002288818359
2001-01-12,0.015438476266026235,0.16000032424926758,0.16000032424926758
2001-01-19,0.0180306862064743,-0.039999961853027344,-0.039999961853027344
2001-01-26,0.009201146033708696,-0.059999942779541016,-0.059999942779541016
2001-02-02,-0.0040526161817933115,-0.1100001335144043,-0.1100001335144043
2001-02-09,-0.026057754168360425,-0.010000228881835938,-0.010000228881835938
2001-02-16,-0.010113628871884828,-0.029999732971191406,-0.029999732971191406
2001-02-23,-0.04371447527873862,-0.13000011444091797,-0.13000011444091797
2001-03-02,-0.009419217280178138,-0.039999961853027344,-0.039999961853027344
2001-03-09,-0.0006159910516929656,-0.1100001335144043,-0.1100001335144043
2001-03-16,-0.06956810317590634,-0.19000005722045898,-0.19000005722045898
2001-03-23,-0.009343641311217787,-0.23999977111816406,-0.23999977111816406
2001-03-30,0.01782531962102407,0.009999752044677734,0.009999752044677734
2001-04-06,-0.02787707583909338,-0.3399999141693115,-0.3399999141693115
2001-04-13,0.047648816264764804,0.06000018119812012,0.06000018119812012
2001-04-20,0.04903555660939407,-0.23000001907348633,-0.23000001907348633
2001-04-27,0.008068911733750461,0.06999993324279785,0.06999993324279785
2001-05-04,0.010763410341283475,-0.09999990463256836,-0.09999990463256836
2001-05-11,-0.016670455602948664,0.039999961853027344,0.039999961853027344
2001-05-18,0.03648684184037432,-0.1700000762939453,-0.1700000762939453
2001-05-25,-0.010950123167310366,0.059999942779541016,0.059999942779541016
2001-06-01,-0.013566931199440191,-0.029999971389770508,-0.029999971389770508
2001-06-08,0.003397109718755509,-0.009999990463256836,-0.009999990463256836
2001-06-15,-0.04082329326809919,-0.09999990463256836,-0.09999990463256836
2001-06-22,0.009009320572035406,-0.07000017166137695,-0.07000017166137695
2001-06-29,-0.0007919001371972101,0.20000004768371582,0.20000004768371582
2001-07-06,-0.027985643545303418,-0.039999961853027344,-0.039999961853027344
2001-07-13,0.020854681331733183,0.0,0.0
2001-07-20,-0.003981063037302945,-0.07999992370605469,-0.07999992370605469
2001-07-27,-0.004162783270503567,0.019999980926513672,0.019999980926513672
2001-08-03,0.007049145220336506,-0.029999971389770508,-0.029999971389770508
2001-08-10,-0.020121153526043045,-0.08000016212463379,-0.08000016212463379
2001-08-17,-0.023970965258021337,-0.059999942779541016,-0.059999942779541016
2001-08-24,0.019566931113301322,0.039999961853027344,0.039999961853027344
2001-08-31,-0.04430301887639043,-0.04999995231628418,-0.04999995231628418
2001-09-07,-0.04308207786085738,-0.09999990463256836,-0.09999990463256836
2001-09-14,0.006206646640061209,0.0,0.0
2001-09-21,-0.12330381452549943,-0.9800000190734863,-0.9800000190734863
2001-09-28,0.0749226129768763,0.09999990463256836,0.09999990463256836
2001-10-05,0.028823446888643467,-0.14999985694885254,-0.14999985694885254
2001-10-12,0.018742793807827063,0.039999961853027344,0.039999961853027344
2001-10-19,-0.01678464616995612,-0.039999961853027344,-0.039999961853027344
2001-10-26,0.028586628912264267,-0.05000019073486328,-0.05000019073486328
2001-11-02,-0.015886779290683606,-0.14999985694885254,-0.14999985694885254
2001-11-09,0.02999994608157941,-0.15000009536743164,-0.15000009536743164
2001-11-16,0.01623788656542402,0.09000003337860107,0.09000003337860107
2001-11-23,0.010214149549912399,0.039999961853027344,0.039999961853027344
2001-11-30,-0.009511874145617938,-0.19999992847442627,-0.19999992847442627
2001-12-07,0.016416449852133752,-0.08000004291534424,-0.08000004291534424
2001-12-14,-0.030878312259445373,0.029999971389770508,0.029999971389770508
2001-12-21,0.01922479072985883,-0.019999980926513672,-0.019999980926513672
2001-12-28,0.013990370601900004,0.019999980926513672,0.019999980926513672
2002-01-04,0.009847812496669661,0.0,0.0
2002-01-11,-0.023218262502309628,-0.08999991416931152,-0.08999991416931152
2002-01-18,-0.01585479157178149,-0.009999990463256836,-0.009999990463256836
2002-01-25,0.005042404533270428,0.09999990463256836,0.09999990463256836
2002-02-01,-0.0098251080509133,0.03000009059906006,0.03000009059906006
2002-02-08,-0.023423129239747986,-0.040000081062316895,-0.040000081062316895
2002-02-15,0.007235155102386592,0.03000009059906006,0.03000009059906006
2002-02-22,-0.013072161572747376,0.019999980926513672,0.019999980926513672
2002-03-01,0.03776077537566014,0.029999971389770508,0.029999971389770508
2002-03-08,0.028337046711276237,0.019999980926513672,0.019999980926513672
2002-03-15,0.001587641892734304,0.05000007152557373,0.05000007152557373
2002-03-22,-0.015085503431294,-0.020000100135803223,-0.020000100135803223
2002-03-29,-0.0011410151039861205,-0.059999942779541016,-0.059999942779541016
2002-04-05,-0.021726608531693614,-0.019999980926513672,-0.019999980926513672
2002-04-12,-0.01049368171931242,-0.05000007152557373,-0.05000007152557373
2002-04-19,0.012664654101020467,0.03000009059906006,0.03000009059906006
2002-04-26,-0.0443864090151882,0.0,0.0
2002-05-03,-0.002688586411371041,0.019999980926513672,0.019999980926513672
2002-05-10,-0.017327900027882315,0.009999990463256836,0.009999990463256836
2002-05-17,0.04775190491116721,-0.009999990463256836,-0.009999990463256836
2002-05-24,-0.020791395852914896,-0.013000011444091797,-0.013000011444091797
2002-05-31,-0.015509601575293352,-0.001999974250793457,-0.001999974250793457
2002-06-07,-0.037824293882216864,0.001999974250793457,0.001999974250793457
2002-06-14,-0.01991417222810199,-0.032000064849853516,-0.032000064849853516
2002-06-21,-0.018163105766167753,0.003000020980834961,0.003000020980834961
2002-06-28,0.0006872222733083078,-0.018999934196472168,-0.018999934196472168
2002-07-05,-0.000798421360578061,0.025999903678894043,0.025999903678894043
2002-07-12,-0.07084127916344674,-0.012999892234802246,-0.012999892234802246
2002-07-19,-0.08329763428566128,0.0,0.0
2002-07-26,0.005986207110512787,-0.02500009536743164,-0.02500009536743164
2002-08-02,0.013278508592800442,-0.0549999475479126,-0.0549999475479126
2002-08-09,0.05009849554133794,-0.01699995994567871,-0.01699995994567871
2002-08-16,0.021912158899189293,0.009999990463256836,0.009999990463256836
2002-08-23,0.012933183902206657,0.031999945640563965,0.031999945640563965
2002-08-30,-0.026701546088229833,0.02799999713897705,0.02799999713897705
2002-09-06,-0.024476522370593834,-0.023000001907348633,-0.023000001907348633
2002-09-13,-0.004608312547362381,0.02799999713897705,0.02799999713897705
2002-09-20,-0.05120987737558025,-0.03799998760223389,-0.03799998760223389
2002-09-27,-0.021546087359753052,-0.014999985694885254,-0.014999985694885254
2002-10-04,-0.03291550298106394,-0.029999971389770508,-0.029999971389770508
2002-10-11,0.042478407407522845,-0.021000027656555176,-0.021000027656555176
2002-10-18,0.05708326464509472,0.08599996566772461,0.08599996566772461
2002-10-25,0.01488210613276042,-0.029999971389770508,-0.029999971389770508
2002-11-01,0.0036806213797664356,-0.20500004291534424,-0.20500004291534424
2002-11-08,-0.006927723531391372,-0.19999992847442627,-0.19999992847442627
2002-11-15,0.01672462529291785,0.0,0.0
2002-11-22,0.022518008416007262,0.0009999275207519531,0.0009999275207519531
2002-11-29,0.006170819545941342,0.004000067710876465,0.004000067710876465
2002-12-06,-0.026054485766793256,-0.01900005340576172,-0.01900005340576172
2002-12-13,-0.025255129497860906,0.004000067710876465,0.004000067710876465
2002-12-20,0.007035530500819398,-0.009999990463256836,-0.009999990463256836
2002-12-27,-0.022991578208165997,-0.04200005531311035,-0.04200005531311035
2003-01-03,0.037213024232998215,0.057000041007995605,0.057000041007995605
2003-01-10,0.020674294349165123,-0.019999980926513672,-0.019999980926513672
2003-01-17,-0.028197650865602775,-0.020000100135803223,-0.020000100135803223
2003-01-24,-0.04581161940007572,-0.02499997615814209,-0.02499997615814209
2003-01-31,-0.006639139272756722,0.021000027656555176,0.021000027656555176
2003-02-07,-0.03086772169851315,-0.01100003719329834,-0.01100003719329834
2003-02-14,0.006247857200195384,0.0140000581741333,0.0140000581741333
2003-02-21,0.015781070057930613,0.016000032424926758,0.016000032424926758
2003-02-28,-0.008311035059378469,0.007999897003173828,0.007999897003173828
2003-03-07,-0.01468255817417674,-0.07799994945526123,-0.07799994945526123
2003-03-14,0.005270268723700511,0.006000041961669922,0.006000041961669922
2003-03-21,0.0723482432366982,0.053999900817871094,0.053999900817871094
2003-03-28,-0.036712088389282194,-0.046000003814697266,-0.046000003814697266
2003-04-04,0.017620309292618153,-0.028999924659729004,-0.028999924659729004
2003-04-11,-0.012076943871292656,0.06499993801116943,0.06499993801116943
2003-04-18,0.02869862224291353,0.0,0.0
2003-04-25,0.0058357782277491665,-0.029999971389770508,-0.029999971389770508
2003-05-02,0.034198958848914884,-0.021000027656555176,-0.021000027656555176
2003-05-09,0.0035738958797990605,-0.01399993896484375,-0.01399993896484375
2003-05-16,0.011599381134518971,-0.060000061988830566,-0.060000061988830566
2003-05-23,-0.011802959184564088,0.03299999237060547,0.03299999237060547
2003-05-30,0.03202498064959691,0.03000009059906006,0.03000009059906006
2003-06-06,0.024773842339138596,-0.05800008773803711,-0.05800008773803711
2003-06-13,0.0008601381729542723,-0.19399994611740112,-0.19399994611740112
2003-06-20,0.007136065290801241,-0.026000022888183594,-0.026000022888183594
2003-06-27,-0.019748025772228672,0.0350000262260437,0.0350000262260437
2003-07-04,0.009664120217864891,0.0,0.0
2003-07-11,0.012541500654405624,0.02399998903274536,0.02399998903274536
2003-07-18,-0.004840686413987605,0.010999977588653564,0.010999977588653564
2003-07-25,0.0053815243848864824,0.025000035762786865,0.025000035762786865
2003-08-01,-0.018728753595892655,0.015999972820281982,0.015999972820281982
2003-08-08,-0.002615259381389734,0.009000003337860107,0.009000003337860107
2003-08-15,0.013291077947096497,0.0,0.0
2003-08-22,0.002409618071400388,0.02399998903274536,0.02399998903274536
2003-08-29,0.014942296183012793,0.009000003337860107,0.009000003337860107
2003-09-05,0.013186359118586566,-0.03299999237060547,-0.03299999237060547
2003-09-12,-0.002705867024049624,0.004999995231628418,0.004999995231628418
2003-09-19,0.017198132308335445,-0.004999995231628418,-0.004999995231628418
2003-09-26,-0.0388117205102958,-0.009999990463256836,-0.009999990463256836
2003-10-03,0.03256813304643469,-0.004999995231628418,-0.004999995231628418
2003-10-10,0.007940506124860747,-0.02499997615814209,-0.02499997615814209
2003-10-17,0.0012129584831086504,0.019999980926513672,0.019999980926513672
2003-10-24,-0.010066578780675073,0.019999980926513672,0.019999980926513672
2003-10-31,0.020966066265389216,0.004999995231628418,0.004999995231628418
2003-11-07,0.002376517424107938,0.0,0.0
2003-11-14,-0.002719187662902911,-0.004999995231628418,-0.004999995231628418
2003-11-21,-0.01445146888603066,-0.014999985694885254,-0.014999985694885254
2003-11-28,0.021897355515488215,-0.0040000081062316895,-0.0040000081062316895
2003-12-05,0.0031136968159044542,-0.013000011444091797,-0.013000011444091797
2003-12-12,0.011837352885046393,-0.018000006675720215,-0.018000006675720215
2003-12-19,0.013427258512587414,-0.018999993801116943,-0.018999993801116943
2003-12-26,0.006619218333316468,-0.010999977588653564,-0.010999977588653564
2004-01-02,0.01142285799985121,0.05500000715255737,0.05500000715255737
2004-01-09,0.011998319182330519,-0.06000000238418579,-0.06000000238418579
2004-01-16,0.015891080850900074,0.019999980926513672,0.019999980926513672
2004-01-23,0.0015079408916500725,0.004999995231628418,0.004999995231628418
2004-01-30,-0.009169893442766863,0.030000030994415283,0.030000030994415283
2004-02-06,0.010229260183376887,0.009999990463256836,0.009999990463256836
2004-02-13,0.0026654640608123614,-0.009999990463256836,-0.009999990463256836
2004-02-20,-0.0014848322403500092,0.018999993801116943,0.018999993801116943
2004-02-27,0.0007251533322660819,0.010999977588653564,0.010999977588653564
2004-03-05,0.010357242924789567,0.0040000081062316895,0.0040000081062316895
2004-03-12,-0.03187198914857703,0.0009999871253967285,0.0009999871253967285
2004-03-19,-0.009675612605407835,-0.014999985694885254,-0.014999985694885254
2004-03-26,-0.0015510325179235451,0.004999995231628418,0.004999995231628418
2004-04-02,0.030003982564386966,0.004999995231628418,0.004999995231628418
2004-04-09,-0.002183227863776338,-0.013999998569488525,-0.013999998569488525
2004-04-16,-0.0041425794239158265,0.0040000081062316895,0.0040000081062316895
2004-04-23,0.005265451695952272,0.0350000262260437,0.0350000262260437
2004-04-30,-0.029629754517234375,0.0,0.0
2004-05-07,-0.007797045535517633,0.0849999189376831,0.0849999189376831
2004-05-14,-0.0027342344171676913,-0.0679999589920044,-0.0679999589920044
2004-05-21,-0.0019549009711692378,0.034999966621398926,0.034999966621398926
2004-05-28,0.02449720895995089,0.04800009727478027,0.04800009727478027
2004-06-04,0.0016226487796879852,0.125,0.125
2004-06-11,0.012368600716568423,0.08999991416931152,0.08999991416931152
2004-06-18,-0.0012766522195049035,-0.019999980926513672,-0.019999980926513672
2004-06-25,-0.0005199196409364504,0.02499997615814209,0.02499997615814209
2004-07-02,-0.0080096087514967,-0.008999943733215332,-0.008999943733215332
2004-07-09,-0.01123236015755591,-0.016000032424926758,-0.016000032424926758
2004-07-16,-0.01031536882991535,0.06500005722045898,0.06500005722045898
2004-07-23,-0.013887710085986882,0.026000022888183594,0.026000022888183594
2004-07-30,0.014187246704084444,0.07399988174438477,0.07399988174438477
2004-08-06,-0.03486540087173218,-0.005999922752380371,-0.005999922752380371
2004-08-13,0.0007798664575826564,-0.004999995231628418,-0.004999995231628418
2004-08-20,0.03102199749473389,0.05299997329711914,0.05299997329711914
2004-08-27,0.008539971730717966,0.0679999589920044,0.0679999589920044
2004-09-03,0.005275951094084519,0.09000003337860107,0.09000003337860107
2004-09-10,0.009197659386377843,0.01100003719329834,0.01100003719329834
2004-09-17,0.004111052500582524,0.04499995708465576,0.04499995708465576
2004-09-24,-0.01647456984400897,0.023000001907348633,0.023000001907348633
2004-10-01,0.01908508977358725,-0.03400003910064697,-0.03400003910064697
2004-10-08,-0.00830659653735566,0.0,0.0
2004-10-15,-0.01250055616373924,0.05500006675720215,0.05500006675720215
2004-10-22,-0.011307108196868754,0.09500002861022949,0.09500002861022949
2004-10-29,0.03096463981703046,0.059999942779541016,0.059999942779541016
2004-11-05,0.031330347572422035,0.11500000953674316,0.11500000953674316
2004-11-12,0.015317231763819272,0.054000020027160645,0.054000020027160645
2004-11-19,-0.011747868666926564,0.059999942779541016,0.059999942779541016
2004-11-26,0.01046342819716184,0.0559999942779541,0.0559999942779541
2004-12-03,0.007178350398375777,0.015000104904174805,0.015000104904174805
2004-12-10,-0.0026648333349204023,0.03399991989135742,0.03399991989135742
2004-12-17,0.005205243302572882,-0.04900002479553223,-0.04900002479553223
2004-12-24,0.013251331646050524,-0.004999876022338867,-0.004999876022338867
2004-12-31,0.0014781192397554932,0.034999847412109375,0.034999847412109375
2005-01-07,-0.021459474420048252,0.09500002861022949,0.09500002861022949
2005-01-14,-0.001408794984377515,0.042999982833862305,0.042999982833862305
2005-01-21,-0.014156073063647412,-0.017999887466430664,-0.017999887466430664
2005-01-28,0.0029838817499401316,0.10500001907348633,0.10500001907348633
2005-02-04,0.026677944279336785,0.014999866485595703,0.014999866485595703
2005-02-11,0.0018851404333037891,0.07200002670288086,0.07200002670288086
2005-02-18,-0.003082887812637658,0.05800008773803711,0.05800008773803711
2005-02-25,0.008106295181520728,0.12299990653991699,0.12299990653991699
2005-03-04,0.008835105113213615,0.01699995994567871,0.01699995994567871
2005-03-11,-0.0181988669855917,0.0,0.0
2005-03-18,-0.008729017882489032,0.05000019073486328,0.05000019073486328
2005-03-25,-0.015442441107837546,0.0279998779296875,0.0279998779296875
2005-04-01,0.0012796779890811294,-0.042999982833862305,-0.042999982833862305
2005-04-08,0.007034425931301769,-0.015000104904174805,-0.015000104904174805
2005-04-15,-0.033206962729829925,0.012000083923339844,0.012000083923339844
2005-04-22,0.008279852457213188,0.13400006294250488,0.13400006294250488
2005-04-29,0.0040970537903559645,-0.021000146865844727,-0.021000146865844727
2005-05-06,0.01245613588434491,-0.034999847412109375,-0.034999847412109375
2005-05-13,-0.014879371938130603,-0.04500007629394531,-0.04500007629394531
2005-05-20,0.03007056961511889,0.06800007820129395,0.06800007820129395
2005-05-27,0.007956290781120146,0.06200003623962402,0.06200003623962402
2005-06-03,-0.002305003283241902,0.042999982833862305,0.042999982833862305
2005-06-10,0.0017459088244464738,0.006999969482421875,0.006999969482421875
2005-06-17,0.015610610708033157,-0.023999929428100586,-0.023999929428100586
2005-06-24,-0.021084193428676734,0.08699989318847656,0.08699989318847656
2005-07-01,0.0024056870142263875,0.08999991416931152,0.08999991416931152
2005-07-08,0.014478950091547205,0.005000114440917969,0.005000114440917969
2005-07-15,0.013165359475003413,0.08299994468688965,0.08299994468688965
2005-07-22,0.0046798992930021655,0.11500000953674316,0.11500000953674316
2005-07-29,0.0004052093595889872,0.03900003433227539,0.03900003433227539
2005-08-05,-0.0063074332963202195,0.10500001907348633,0.10500001907348633
2005-08-12,0.00323181203580436,-0.003999948501586914,-0.003999948501586914
2005-08-19,-0.008718110658722189,-0.005000114440917969,-0.005000114440917969
2005-08-26,-0.012050562752527583,0.03900003433227539,0.03900003433227539
2005-09-02,0.010664074757128716,-0.08999991416931152,-0.08999991416931152
2005-09-09,0.019077595009801662,0.019999980926513672,0.019999980926513672
2005-09-16,-0.0028796992284405576,0.011999845504760742,0.011999845504760742
2005-09-23,-0.018441737748416287,-0.018999814987182617,-0.018999814987182617
2005-09-30,0.011063505499985915,0.07999992370605469,0.07999992370605469
2005-10-07,-0.027147208674890067,0.06299996376037598,0.06299996376037598
2005-10-14,-0.007832313469569918,0.16899991035461426,0.16899991035461426
2005-10-21,-0.005899855440694601,0.06300020217895508,0.06300020217895508
2005-10-28,0.01582881522898294,0.059999942779541016,0.059999942779541016
2005-11-04,0.017969911539171157,0.039999961853027344,0.039999961853027344
2005-11-11,0.011878581734293903,0.006999969482421875,0.006999969482421875
2005-11-18,0.010914408348672744,0.039999961853027344,0.039999961853027344
2005-11-25,0.015879389116379095,-0.059999942779541016,-0.059999942779541016
2005-12-02,-0.002502670915275118,0.039999961853027344,0.039999961853027344
2005-12-09,-0.0045237345048692035,-0.04999995231628418,-0.04999995231628418
2005-12-16,0.0062928001382163146,-0.009999990463256836,-0.009999990463256836
2005-12-23,0.0010568600901272873,0.06299996376037598,0.06299996376037598
2005-12-30,-0.016186606232089673,0.08999991416931152,0.08999991416931152
2006-01-06,0.029334167569900593,0.12199997901916504,0.12199997901916504
2006-01-13,0.0016789618123072003,0.11299991607666016,0.11299991607666016
2006-01-20,-0.020494221167711935,0.032000064849853516,0.032000064849853516
2006-01-27,0.017468535874417768,0.08500003814697266,0.08500003814697266
2006-02-03,-0.0154570373320988,0.02500009536743164,0.02500009536743164
2006-02-10,0.0023389481427056324,0.06300020217895508,0.06300020217895508
2006-02-17,0.01585638288842528,0.0019998550415039062,0.0019998550415039062
2006-02-24,0.0016999180854364582,0.05499982833862305,0.05499982833862305
2006-03-03,-0.0017076942613005741,0.010000228881835938,0.010000228881835938
2006-03-10,-0.00452373532881456,-0.0020003318786621094,-0.0020003318786621094
2006-03-17,0.01995682176206426,0.02700042724609375,0.02700042724609375
2006-03-24,-0.0032948071401319723,0.017999649047851562,0.017999649047851562
2006-03-31,-0.006220586704768216,-0.019999980926513672,-0.019999980926513672
2006-04-07,0.00048642077882465884,0.04699993133544922,0.04699993133544922
2006-04-14,-0.004936909760988151,0.015000343322753906,0.015000343322753906
2006-04-21,0.017043970482124138,0.04799985885620117,0.04799985885620117
2006-04-28,-0.00051111523073466,0.02500009536743164,0.02500009536743164
2006-05-05,0.0114932207625289,0.04500007629394531,0.04500007629394531
2006-05-12,-0.026382897847905262,0.01199960708618164,0.01199960708618164
2006-05-19,-0.018927387264411344,-0.009999752044677734,-0.009999752044677734
2006-05-26,0.010309494658578444,0.014999866485595703,0.014999866485595703
2006-06-02,0.006276300988290018,-0.029999732971191406,-0.029999732971191406
2006-06-09,-0.028279498228903854,0.06500005722045898,0.06500005722045898
2006-06-16,-0.0006070753421045794,-0.0020003318786621094,-0.0020003318786621094
2006-06-23,-0.00564098141099123,0.09000015258789062,0.09000015258789062
2006-06-30,0.020440487119937956,0.02500009536743164,0.02500009536743164
2006-07-07,-0.003722848531185541,0.014999866485595703,0.014999866485595703
2006-07-14,-0.0234093626697911,0.039999961853027344,0.039999961853027344
2006-07-21,0.0033031359913149316,0.03000020980834961,0.03000020980834961
2006-07-28,0.030381406768915653,-0.02500009536743164,-0.02500009536743164
2006-08-04,0.0006332799353252483,0.02500009536743164,0.02500009536743164
2006-08-11,-0.0099132780240474,-0.010000228881835938,-0.010000228881835938
2006-08-18,0.02768530606930142,0.02500009536743164,0.02500009536743164
2006-08-25,-0.0055518050709082445,0.005000114440917969,0.005000114440917969
2006-09-01,0.012217675552095741,-0.07999992370605469,-0.07999992370605469
2006-09-08,-0.009264656177556674,-0.08500003814697266,-0.08500003814697266
2006-09-15,0.015840969773832647,0.014999866485595703,0.014999866485595703
2006-09-22,-0.0037047800267941966,-0.02500009536743164,-0.02500009536743164
2006-09-29,0.01589840154999056,-0.029999732971191406,-0.029999732971191406
2006-10-06,0.010233042207405063,0.04999971389770508,0.04999971389770508
2006-10-13,0.011807717099010517,0.1100001335144043,0.1100001335144043
2006-10-20,0.0021797673051908717,0.029999732971191406,0.029999732971191406
2006-10-27,0.006365776335353068,0.015000343322753906,0.015000343322753906
2006-11-03,-0.009512565656335958,-0.010000228881835938,-0.010000228881835938
2006-11-10,0.012093965812423058,0.0,0.0
2006-11-17,0.014593499304843327,-0.009999752044677734,-0.009999752044677734
2006-11-24,-0.00017843442312148738,-0.039999961853027344,-0.039999961853027344
2006-12-01,-0.0030311000006033595,-0.015000343322753906,-0.015000343322753906
2006-12-08,0.009356755460206756,-0.059999942779541016,-0.059999942779541016
2006-12-15,0.01216118340129313,-0.05499982833862305,-0.05499982833862305
2006-12-22,-0.011508808739231213,0.07499980926513672,0.07499980926513672
2006-12-29,0.005330432553268594,0.03500032424926758,0.03500032424926758
2007-01-05,-0.006075023977779814,0.024999618530273438,0.024999618530273438
2007-01-12,0.014800808107751529,0.04500007629394531,0.04500007629394531
2007-01-19,-0.0001607563675873891,0.04500007629394531,0.04500007629394531
2007-01-26,-0.005833090092735027,-0.005000114440917969,-0.005000114440917969
2007-02-02,0.01826166141370411,0.005000114440917969,0.005000114440917969
2007-02-09,-0.007157581038069516,0.014999866485595703,0.014999866485595703
2007-02-16,0.012081968837070356,0.015000343322753906,0.015000343322753906
2007-02-23,-0.002993123498304051,0.009999752044677734,0.009999752044677734
2007-03-02,-0.04511813693715094,-0.07000017166137695,-0.07000017166137695
2007-03-09,0.011232996719949817,-0.019999980926513672,-0.019999980926513672
2007-03-16,-0.01139167246165318,-0.06499958038330078,-0.06499958038330078
2007-03-23,0.034831002712663484,0.039999961853027344,0.039999961853027344
2007-03-30,-0.010675747379211842,-0.03000020980834961,-0.03000020980834961
2007-04-06,0.015988516650637052,0.0,0.0
2007-04-13,0.006276299333040747,-0.02500009536743164,-0.02500009536743164
2007-04-20,0.02144982177816157,-0.034999847412109375,-0.034999847412109375
2007-04-27,0.006526954200463564,-0.039999961853027344,-0.039999961853027344
2007-05-04,0.007700866511799909,-0.04500007629394531,-0.04500007629394531
2007-05-11,0.00015273635230261817,-0.034999847412109375,-0.034999847412109375
2007-05-18,0.011160404123760514,-0.03000020980834961,-0.03000020980834961
2007-05-25,-0.004620752525569927,0.05499982833862305,0.05499982833862305
2007-06-01,0.01350578394056523,-0.08499956130981445,-0.08499956130981445
2007-06-08,-0.018837500254512918,-0.02500009536743164,-0.02500009536743164
2007-06-15,0.016602470153714854,-0.20000028610229492,-0.20000028610229492
2007-06-22,-0.019997552978541222,0.1550002098083496,0.1550002098083496
2007-06-29,0.0005255759496378687,0.08500003814697266,0.08500003814697266
2007-07-06,0.01785930245469025,0.11999988555908203,0.11999988555908203
2007-07-13,0.014311297351055963,0.03000020980834961,0.03000020980834961
2007-07-20,-0.011922660871164226,0.004999637603759766,0.004999637603759766
2007-07-27,-0.05022690851688516,-0.11999988555908203,-0.11999988555908203
2007-08-03,-0.017904906378415575,-0.005000114440917969,-0.005000114440917969
2007-08-10,0.014258706625882134,-0.2849998474121094,-0.2849998474121094
2007-08-17,-0.005311177108112908,-0.7950000762939453,-0.7950000762939453
2007-08-24,0.022856729597334535,0.46000003814697266,0.46000003814697266
2007-08-31,-0.0036433153158190734,-0.08999991416931152,-0.08999991416931152
2007-09-07,-0.013964129116052604,-0.04999995231628418,-0.04999995231628418
2007-09-14,0.02090072042638358,-0.059999942779541016,-0.059999942779541016
2007-09-21,0.02757649827381936,-0.26000022888183594,-0.26000022888183594
2007-09-28,0.00065520067864,0.08000016212463379,0.08000016212463379
2007-10-05,0.01999843985664107,0.1699998378753662,0.1699998378753662
2007-10-12,0.0026993005326954034,0.21000003814697266,0.21000003814697266
2007-10-19,-0.03995401032374879,-0.3399999141693115,-0.3399999141693115
2007-10-26,0.0228277707235911,0.09999990463256836,0.09999990463256836
2007-11-02,-0.016834941857929664,-0.3399999141693115,-0.3399999141693115
2007-11-09,-0.03776585519107378,-0.3299999237060547,-0.3299999237060547
2007-11-16,0.0034610458550545786,0.11999988555908203,0.11999988555908203
2007-11-23,-0.012443970022991913,-0.14999985694885254,-0.14999985694885254
2007-11-30,0.027682998737029507,-0.07000017166137695,-0.07000017166137695
2007-12-07,0.015754910342763218,-0.04999995231628418,-0.04999995231628418
2007-12-14,-0.0247001453691702,-0.22499990463256836,-0.22499990463256836
2007-12-21,0.011184207041041283,0.10500001907348633,0.10500001907348633
2007-12-28,-0.004029753374390488,0.17999982833862305,0.17999982833862305
2008-01-04,-0.046276221539026,0.03500008583068848,0.03500008583068848
2008-01-11,-0.007544511820393396,-0.10500001907348633,-0.10500001907348633
2008-01-18,-0.05564475554221282,-0.2200000286102295,-0.2200000286102295
2008-01-25,0.004081671526193098,-0.5699999332427979,-0.5699999332427979
2008-02-01,0.047558004025437306,-0.1700000762939453,-0.1700000762939453
2008-02-08,-0.04704705040622059,0.1100001335144043,0.1100001335144043
2008-02-15,0.013948751467250275,-0.029999971389770508,-0.029999971389770508
2008-02-22,0.0023084580895256224,0.009999990463256836,0.009999990463256836
2008-02-29,-0.01675311791038414,-0.3550001382827759,-0.3550001382827759
2008-03-07,-0.02840130665538343,-0.38499999046325684,-0.38499999046325684
2008-03-14,-0.004051882506238336,-0.2799999713897705,-0.2799999713897705
2008-03-21,0.031611131843436446,-0.6200000047683716,-0.6200000047683716
2008-03-28,-0.01080653090106054,0.8500000238418579,0.8500000238418579
2008-04-04,0.04109875610151281,-0.029999971389770508,-0.029999971389770508
2008-04-11,-0.027798217633767663,-0.16000008583068848,-0.16000008583068848
2008-04-18,0.04223662922011506,0.16000008583068848,0.16000008583068848
2008-04-25,0.005387066167455323,-0.03500008583068848,-0.03500008583068848
2008-05-02,0.01142369728597803,0.18000006675720215,0.18000006675720215
2008-05-09,-0.01828626893317331,0.18499994277954102,0.18499994277954102
2008-05-16,0.026351788519382247,0.1499999761581421,0.1499999761581421
2008-05-23,-0.03528747530884768,0.0,0.0
2008-05-30,0.0176137266891514,0.05000007152557373,0.05000007152557373
2008-06-06,-0.02875901758613786,-0.05000007152557373,-0.05000007152557373
2008-06-13,-0.0004778343936679974,0.12999999523162842,0.12999999523162842
2008-06-20,-0.03144441521954011,-0.12999999523162842,-0.12999999523162842
2008-06-27,-0.03046870947866953,-0.16999995708465576,-0.16999995708465576
2008-07-04,-0.012182972169599182,0.1799999475479126,0.1799999475479126
2008-07-11,-0.01871068618917615,-0.2399998903274536,-0.2399998903274536
2008-07-18,0.016951303718999,-0.15000009536743164,-0.15000009536743164
2008-07-25,-0.002318931703947591,0.2700001001358032,0.2700001001358032
2008-08-01,0.0020254001125001864,-0.060000061988830566,-0.060000061988830566
2008-08-08,0.028171670658684533,0.034999966621398926,0.034999966621398926
2008-08-15,0.0014492124062623901,0.13499999046325684,0.13499999046325684
2008-08-22,-0.004632497649945222,-0.13499999046325684,-0.13499999046325684
2008-08-29,-0.007277613705864994,0.02500009536743164,0.02500009536743164
2008-09-05,-0.03209594369354374,-0.05000007152557373,-0.05000007152557373
2008-09-12,0.00752999138669086,-0.1799999475479126,-0.1799999475479126
2008-09-19,0.0026966922156939077,-0.5400000214576721,-0.5400000214576721
2008-09-26,-0.033880070644072724,-0.09000003337860107,-0.09000003337860107
2008-10-03,-0.09870929299220155,-0.35999998450279236,-0.35999998450279236
2008-10-10,-0.20083750759931007,-0.26000000536441803,-0.26000000536441803
2008-10-17,0.04493710925578043,0.5699999779462814,0.5699999779462814
2008-10-24,-0.0702200750041273,0.04000002145767212,0.04000002145767212
2008-10-31,0.0997618581112647,-0.38499999046325684,-0.38499999046325684
2008-11-07,-0.03975805507624308,-0.14500001072883606,-0.14500001072883606
2008-11-14,-0.06398086221669974,-0.1599999964237213,-0.1599999964237213
2008-11-21,-0.0876183997900748,-0.11999999545514584,-0.11999999545514584
2008-11-28,0.11355895976971198,0.009999999776482582,0.009999999776482582
2008-12-05,-0.02276221857427707,-0.009999999776482582,-0.009999999776482582
2008-12-12,0.004169015230717221,0.0,0.0
2008-12-19,0.009221584214174072,-0.004999999888241291,-0.004999999888241291
2008-12-26,-0.017130183692062317,0.0,0.0
2009-01-02,0.06541176574940888,0.08000000100582838,0.08000000100582838
2009-01-09,-0.04550356985563653,-0.020000003278255463,-0.020000003278255463
2009-01-16,-0.046237106179759735,0.05000000447034836,0.05000000447034836
2009-01-23,-0.02160515271250496,-0.02499999850988388,-0.02499999850988388
2009-01-30,-0.007322867105377995,0.12999999523162842,0.12999999523162842
2009-02-06,0.05043320156441755,0.050000011920928955,0.050000011920928955
2009-02-13,-0.04927145358267193,0.019999980926513672,0.019999980926513672
2009-02-20,-0.07115580645846187,-0.025000005960464478,-0.025000005960464478
2009-02-27,-0.0464624547224739,-0.014999985694885254,-0.014999985694885254
2009-03-06,-0.07294189626921987,-0.06499999761581421,-0.06499999761581421
2009-03-13,0.10171752780192822,0.004999995231628418,0.004999995231628418
2009-03-20,0.0157239737185213,0.01000000536441803,0.01000000536441803
2009-03-27,0.05984824336008998,-0.07500000298023224,-0.07500000298023224
2009-04-03,0.03203283638545429,0.07500000298023224,0.07500000298023224
2009-04-10,0.016550702773252546,-0.025000005960464478,-0.025000005960464478
2009-04-17,0.015108942732180886,-0.04500000178813934,-0.04500000178813934
2009-04-24,-0.0038828680648759217,-0.034999996423721313,-0.034999996423721313
2009-05-01,0.012949329693332068,0.04999999701976776,0.04999999701976776
2009-05-08,0.05725649583320358,0.02000001072883606,0.02000001072883606
2009-05-15,-0.05116696863413761,-0.01000000536441803,-0.01000000536441803
2009-05-22,0.004655685750106997,0.019999995827674866,0.019999995827674866
2009-05-29,0.03559348388019323,-0.04500000178813934,-0.04500000178813934
2009-06-05,0.02253717773881103,0.050000011920928955,0.050000011920928955
2009-06-12,0.006488911024521649,-0.015000000596046448,-0.015000000596046448
2009-06-19,-0.026754842520141153,0.004999995231628418,0.004999995231628418
2009-06-26,-0.002532383357333856,0.004999995231628418,0.004999995231628418
2009-07-03,-0.024768294994210294,-0.019999995827674866,-0.019999995827674866
2009-07-10,-0.019476246441929135,0.01000000536441803,0.01000000536441803
2009-07-17,0.06735126644692357,0.0,0.0
2009-07-24,0.0405131402766985,0.015000000596046448,0.015000000596046448
2009-07-31,0.008359029263627527,-0.005000010132789612,-0.005000010132789612
2009-08-07,0.023024501510294115,-0.004999995231628418,-0.004999995231628418
2009-08-14,-0.006343760722573144,0.0,0.0
2009-08-21,0.021712763701265736,-0.01000000536441803,-0.01000000536441803
2009-08-28,0.0027250303942505383,-0.030000001192092896,-0.030000001192092896
2009-09-04,-0.012252483043836193,-0.004999995231628418,-0.004999995231628418
2009-09-11,0.025575258643349308,0.01000000536441803,0.01000000536441803
2009-09-18,0.024226390548728993,-0.05500000715255737,-0.05500000715255737
2009-09-25,-0.022645233092336348,0.01000000536441803,0.01000000536441803
2009-10-02,-0.01852598103118641,0.0,0.0
2009-10-09,0.04415276251017097,-0.025000005960464478,-0.025000005960464478
2009-10-16,0.014996842844076319,-0.004999998956918716,-0.004999998956918716
2009-10-23,-0.007456457359083402,-0.009999997913837433,-0.009999997913837433
2009-10-30,-0.04104011138963859,-0.004999998956918716,-0.004999998956918716
2009-11-06,0.03145380628602279,0.0,0.0
2009-11-13,0.022360978766929662,0.009999997913837433,0.009999997913837433
2009-11-20,-0.0019222982220137297,-0.044999999925494194,-0.044999999925494194
2009-11-27,0.00010077132573371728,0.015000000596046448,0.015000000596046448
2009-12-04,0.013188075779565267,0.014999998733401299,0.014999998733401299
2009-12-11,0.0003887684481549414,-0.019999999552965164,-0.019999999552965164
2009-12-18,-0.00356748003204288,0.019999999552965164,0.019999999552965164
2009-12-25,0.021544618778182034,0.0,0.0
2010-01-01,-0.010153644193494848,0.010000001639127731,0.010000001639127731
2010-01-08,0.026443087451459846,-0.010000001639127731,-0.010000001639127731
2010-01-15,-0.007847398356793711,0.015000000596046448,0.015000000596046448
2010-01-22,-0.0397486722972209,-0.009999997913837433,-0.009999997913837433
2010-01-29,-0.016522140509639627,0.02499999850988388,0.02499999850988388
2010-02-05,-0.0071774500799461904,0.015000000596046448,0.015000000596046448
2010-02-12,0.008703485460364035,0.005000002682209015,0.005000002682209015
2010-02-19,0.030817050730358453,0.004999995231628418,0.004999995231628418
2010-02-26,-0.004228346368935654,0.020000003278255463,0.020000003278255463
2010-03-05,0.030503536829065148,0.0299999937415123,0.0299999937415123
2010-03-12,0.00986602023942229,-0.004999995231628418,-0.004999995231628418
2010-03-19,0.008580577360857156,0.004999995231628418,0.004999995231628418
2010-03-26,0.005751118529351729,-0.015000000596046448,-0.015000000596046448
2010-04-02,0.009818016463220225,0.02000001072883606,0.02000001072883606
2010-04-09,0.013715895078861173,0.0,0.0
2010-04-16,-0.0018772184304847173,0.0,0.0
2010-04-23,0.020877258367208107,0.004999995231628418,0.004999995231628418
2010-04-30,-0.02545101601419031,0.0,0.0
2010-05-07,-0.06601537112980704,-0.03500000387430191,-0.03500000387430191
2010-05-14,0.022079139351798283,0.02499999850988388,0.02499999850988388
2010-05-21,-0.043175510276066476,0.005000010132789612,0.005000010132789612
2010-05-28,0.0015801691705847887,0.0,0.0
2010-06-04,-0.022774175322644474,-0.030000008642673492,-0.030000008642673492
2010-06-11,0.0247823661447093,-0.04999999701976776,-0.04999999701976776
2010-06-18,0.02345851726349313,0.02499999850988388,0.02499999850988388
2010-06-25,-0.03714646356486373,0.030000001192092896,0.030000001192092896
2010-07-02,-0.0516276789897443,0.034999996423721313,0.034999996423721313
2010-07-09,0.052741467614009,-0.015000000596046448,-0.015000000596046448
2010-07-16,-0.012208208467603399,0.0,0.0
2010-07-23,0.03486335218138503,0.0,0.0
2010-07-30,-0.0009618272533877814,-0.004999995231628418,-0.004999995231628418
2010-08-06,0.018028266790252268,0.0,0.0
2010-08-13,-0.03852555760674381,0.004999995231628418,0.004999995231628418
2010-08-20,-0.007029568403818409,0.0,0.0
2010-08-27,-0.0066470706425159065,-0.004999995231628418,-0.004999995231628418
2010-09-03,0.03681209014205322,-0.015000000596046448,-0.015000000596046448
2010-09-10,0.0045527651778218825,0.01000000536441803,0.01000000536441803
2010-09-17,0.01435274053489266,0.009999990463256836,0.009999990463256836
2010-09-24,0.02029747734435894,-0.004999995231628418,-0.004999995231628418
2010-10-01,-0.0021177776757905775,0.01000000536441803,0.01000000536441803
2010-10-08,0.016362843117336823,-0.03500000387430191,-0.03500000387430191
2010-10-15,0.009430496187768256,0.020000003278255463,0.020000003278255463
2010-10-22,0.005840819012419729,-0.015000008046627045,-0.015000008046627045
2010-10-29,0.00015217907307096823,-0.009999997913837433,-0.009999997913837433
2010-11-05,0.035361111688908764,0.009999997913837433,0.009999997913837433
2010-11-12,-0.021971486919406757,0.005000002682209015,0.005000002682209015
2010-11-19,0.00043354110740256857,0.004999995231628418,0.004999995231628418
2010-11-26,-0.008647516381227405,0.025000005960464478,0.025000005960464478
2010-12-03,0.029255050564700902,-0.025000005960464478,-0.025000005960464478
2010-12-10,0.012729878545141737,-0.01499999314546585,-0.01499999314546585
2010-12-17,0.0028257439839700638,-0.01000000536441803,-0.01000000536441803
2010-12-24,0.010285281158267878,0.02499999850988388,0.02499999850988388
2010-12-31,0.0006920073815166461,-0.01499999314546585,-0.01499999314546585
2011-01-07,0.010960345429714913,0.020000003278255463,0.020000003278255463
2011-01-14,0.016953383983280723,0.009999990463256836,0.009999990463256836
2011-01-21,-0.007676862326776224,0.005000010132789612,0.005000010132789612
2011-01-28,-0.005477247206688851,-0.015000000596046448,-0.015000000596046448
2011-02-04,0.02669445486423161,0.009999990463256836,0.009999990463256836
2011-02-11,0.01384862335337722,-0.034999996423721313,-0.034999996423721313
2011-02-18,0.010373712253745282,-0.019999995827674866,-0.019999995827674866
2011-02-25,-0.01737254372688124,0.034999996423721313,0.034999996423721313
2011-03-04,0.0009617608395640076,-0.015000000596046448,-0.015000000596046448
2011-03-11,-0.012851401070824942,-0.03999999910593033,-0.03999999910593033
2011-03-18,-0.01940851748657213,-0.005000002682209015,-0.005000002682209015
2011-03-25,0.026681069285311665,0.015000000596046448,0.015000000596046448
2011-04-01,0.01406561957362662,-0.02499999850988388,-0.02499999850988388
2011-04-08,-0.0031872702187252244,-0.019999999552965164,-0.019999999552965164
2011-04-15,-0.006412764330386622,0.02499999850988388,0.02499999850988388
2011-04-22,0.013323156121519908,-0.01499999687075615,-0.01499999687075615
2011-04-29,0.019423104253380785,-0.005000002682209015,-0.005000002682209015
2011-05-06,-0.017316763917747835,-0.03499999921768904,-0.03499999921768904
2011-05-13,-0.0018147569495488014,0.014999999664723873,0.014999999664723873
2011-05-20,-0.003369477201169424,0.019999999552965164,0.019999999552965164
2011-05-27,-0.001628936243185386,-0.004999998956918716,-0.004999998956918716
2011-06-03,-0.02351828962351199,-0.005000000819563866,-0.005000000819563866
2011-06-10,-0.02269911903085209,0.005000000819563866,0.005000000819563866
2011-06-17,0.00040906480483293706,-0.009999999776482582,-0.009999999776482582
2011-06-24,-0.0024016617278368457,-0.015000000596046448,-0.015000000596046448
2011-07-01,0.054627703627885715,0.0,0.0
2011-07-08,0.003078110059683503,0.009999999776482582,0.009999999776482582
2011-07-15,-0.020798236486340826,-0.014999999664723873,-0.014999999664723873
2011-07-22,0.02170567599945361,0.024999999441206455,0.024999999441206455
2011-07-29,-0.040000774535542405,0.06000000424683094,0.06000000424683094
2011-08-05,-0.07460336213715202,-0.0800000037997961,-0.0800000037997961
2011-08-12,-0.01729925592566328,-0.004999999888241291,-0.004999999888241291
2011-08-19,-0.04802996412234517,0.004999999888241291,0.004999999888241291
2011-08-26,0.04632339116519901,0.0,0.0
2011-09-02,-0.002407789336052346,0.004999999888241291,0.004999999888241291
2011-09-09,-0.01695770439672728,-0.009999999776482582,-0.009999999776482582
2011-09-16,0.05214157716064882,0.0,0.0
2011-09-23,-0.06768319815771218,0.0,0.0
2011-09-30,-0.004418297241938873,0.004999999888241291,0.004999999888241291
2011-10-07,0.02102497945173898,-0.004999999888241291,-0.004999999888241291
2011-10-14,0.05809939290152055,0.009999999776482582,0.009999999776482582
2011-10-21,0.011101200307353842,0.0,0.0
2011-10-28,0.03712963572175365,-0.004999999888241291,-0.004999999888241291
2011-11-04,-0.025104525266434585,-0.004999999888241291,-0.004999999888241291
2011-11-11,0.008438395537899268,0.0,0.0
2011-11-18,-0.03888366523038833,0.0,0.0
2011-11-25,-0.04800609972080139,0.0,0.0
2011-12-02,0.07128423939305417,0.009999999776482582,0.009999999776482582
2011-12-09,0.008729835944605746,-0.009999999776482582,-0.009999999776482582
2011-12-16,-0.02871474946223973,0.0,0.0
2011-12-23,0.036760763590176104,0.0,0.0
2011-12-30,-0.00612779971424704,0.0,0.0
2012-01-06,0.015942597681569914,0.009999999776482582,0.009999999776482582
2012-01-13,0.008788795611001099,0.004999999888241291,0.004999999888241291
2012-01-20,0.020189084408926306,0.019999999552965164,0.019999999552965164
2012-01-27,0.0007219269807334783,0.010000001639127731,0.010000001639127731
2012-02-03,0.021472151038617326,0.019999999552965164,0.019999999552965164
2012-02-10,-0.0016818430724736544,0.009999997913837433,0.009999997913837433
2012-02-17,0.013750852502571576,-0.004999995231628418,-0.004999995231628418
2012-02-24,0.003307710701665023,0.015000000596046448,0.015000000596046448
2012-03-02,0.0028442348039154908,-0.030000004917383194,-0.030000004917383194
2012-03-09,0.0009049372880829409,0.019999999552965164,0.019999999552965164
2012-03-16,0.024000840966886372,0.0,0.0
2012-03-23,-0.0050406053434350895,-0.009999997913837433,-0.009999997913837433
2012-03-30,0.00809818120478667,-0.005000002682209015,-0.005000002682209015
2012-04-06,-0.007404152704117983,0.005000002682209015,0.005000002682209015
2012-04-13,-0.020099325365684706,0.009999997913837433,0.009999997913837433
2012-04-20,0.006017225300170459,-0.015000000596046448,-0.015000000596046448
2012-04-27,0.017851615500013907,0.020000003278255463,0.020000003278255463
2012-05-04,-0.02471577895744126,-0.015000000596046448,-0.015000000596046448
2012-05-11,-0.011541005011750372,0.020000003278255463,0.020000003278255463
2012-05-18,-0.04393202454014844,-0.015000000596046448,-0.015000000596046448
2012-05-25,0.01729827316135779,0.004999995231628418,0.004999995231628418
2012-06-01,-0.030651130500373824,-0.015000000596046448,-0.015000000596046448
2012-06-08,0.03658278947721705,0.015000000596046448,0.015000000596046448
2012-06-15,0.01287627431675098,0.005000002682209015,0.005000002682209015
2012-06-22,-0.005840461085095505,-0.009999997913837433,-0.009999997913837433
2012-06-29,0.02012541257918876,0.004999995231628418,0.004999995231628418
2012-07-06,-0.005506396494771693,-0.009999997913837433,-0.009999997913837433
2012-07-13,0.0015489632460141678,0.020000003278255463,0.020000003278255463
2012-07-20,0.004324429962719201,-0.005000002682209015,-0.005000002682209015
2012-07-27,0.016961537437151897,0.015000000596046448,0.015000000596046448
2012-08-03,0.0036154824485903347,-0.02499999850988388,-0.02499999850988388
2012-08-10,0.010640607936381663,0.019999995827674866,0.019999995827674866
2012-08-17,0.008703956066216989,-0.015000000596046448,-0.015000000596046448
2012-08-24,-0.004969475499101428,0.01000000536441803,0.01000000536441803
2012-08-31,-0.0032296104610471943,-0.005000002682209015,-0.005000002682209015
2012-09-07,0.022036460624972776,0.015000000596046448,0.015000000596046448
2012-09-14,0.019183059496049815,-0.005000002682209015,-0.005000002682209015
2012-09-21,-0.003841528096547364,0.005000002682209015,0.005000002682209015
2012-09-28,-0.013430873228220896,-0.009999997913837433,-0.009999997913837433
2012-10-05,0.013964942335916497,0.009999997913837433,0.009999997913837433
2012-10-12,-0.02238533606808435,0.0,0.0
2012-10-19,0.0032147682188616855,-0.009999997913837433,-0.009999997913837433
2012-10-26,-0.014938084396024287,0.01499999314546585,0.01499999314546585
2012-11-02,0.001599361909374153,-0.01499999314546585,-0.01499999314546585
2012-11-09,-0.024589185745107933,0.0,0.0
2012-11-16,-0.01457831576436508,-0.015000000596046448,-0.015000000596046448
2012-11-23,0.0355902389053151,0.015000000596046448,0.015000000596046448
2012-11-30,0.004976440706521146,-0.015000000596046448,-0.015000000596046448
2012-12-07,0.0013336105553323208,0.004999995231628418,0.004999995231628418
2012-12-14,-0.003171291757274375,-0.05499999783933163,-0.05499999783933163
2012-12-21,0.011653888385189326,0.02500000037252903,0.02500000037252903
2012-12-28,-0.01957286635242017,-0.04000000096857548,-0.04000000096857548
2013-01-04,0.04465164778403974,0.05499999783933163,0.05499999783933163
2013-01-11,0.003797887913059128,-0.001999996602535248,-0.001999996602535248
2013-01-18,0.00941845381984674,0.006999999284744263,0.006999999284744263
2013-01-25,0.011361996875417724,0.0,0.0
2013-02-01,0.006770346100278601,-0.010000001639127731,-0.010000001639127731
2013-02-08,0.0031407829007283894,0.004999998956918716,0.004999998956918716
2013-02-15,0.0012245931337968585,0.030000001192092896,0.030000001192092896
2013-02-22,-0.002760809067535952,0.02499999850988388,0.02499999850988388
2013-03-01,0.0017140063848817277,-0.019999995827674866,-0.019999995827674866
2013-03-08,0.02149057580642566,-0.0130000039935112,-0.0130000039935112
2013-03-15,0.006118441035225963,-0.0040000006556510925,-0.0040000006556510925
2013-03-22,-0.0024441561987877947,-0.017999999225139618,-0.017999999225139618
2013-03-29,0.007869274237314983,0.0,0.0
2013-04-05,-0.010190682341514545,-0.004999998956918716,-0.004999998956918716
2013-04-12,0.02264162576242512,-0.004999998956918716,-0.004999998956918716
2013-04-19,-0.021374164326774192,-0.009999997913837433,-0.009999997913837433
2013-04-26,0.017205253954526434,0.0,0.0
2013-05-03,0.0201342278969161,0.0,0.0
2013-05-10,0.011871564897830034,-0.010000001639127731,-0.010000001639127731
2013-05-17,0.020460138909382586,-0.005000000819563866,-0.005000000819563866
2013-05-24,-0.010774670591078284,0.007000001147389412,0.007000001147389412
2013-05-31,-0.011498925941549665,-0.007000001147389412,-0.007000001147389412
2013-06-07,0.007721205981390256,0.009999999776482582,0.009999999776482582
2013-06-14,-0.01018324666160808,0.0,0.0
2013-06-21,-0.02131066767575618,0.0,0.0
2013-06-28,0.008659779585693528,-0.009999999776482582,-0.009999999776482582
2013-07-05,0.015817896517140717,0.005000000819563866,0.005000000819563866
2013-07-12,0.029167986099309928,-0.005000000819563866,-0.005000000819563866
2013-07-19,0.00705758367389997,-0.009999999776482582,-0.009999999776482582
2013-07-26,-0.00026003263253038256,-0.004999999888241291,-0.004999999888241291
2013-08-02,0.01059599671233169,0.014999999664723873,0.014999999664723873
2013-08-09,-0.010731956337439286,0.018000001087784767,0.018000001087784767
2013-08-16,-0.021266071652554785,-0.008000001311302185,-0.008000001311302185
2013-08-23,0.004621449327497196,-0.017999999225139618,-0.017999999225139618
2013-08-30,-0.018523391693811675,-0.0020000003278255463,-0.0020000003278255463
2013-09-06,0.013503324354768864,-0.004999999888241291,-0.004999999888241291
2013-09-13,0.019634717062892548,-0.004999999888241291,-0.004999999888241291
2013-09-20,0.012902291339460525,-0.004999999888241291,-0.004999999888241291
2013-09-27,-0.010677261409506755,0.0,0.0
2013-10-04,-0.0007391529643943073,0.012999999336898327,0.012999999336898327
2013-10-11,0.007484462762866961,0.04500000178813934,0.04500000178813934
2013-10-18,0.023959175716021797,-0.03800000064074993,-0.03800000064074993
2013-10-25,0.008715148146325014,0.004999998956918716,0.004999998956918716
2013-11-01,0.0010620718830329778,0.0030000004917383194,0.0030000004917383194
2013-11-08,0.005078910034715278,0.01900000125169754,0.01900000125169754
2013-11-15,0.015450960434184147,0.017999999225139618,0.017999999225139618
2013-11-22,0.003652552223518235,-0.005000002682209015,-0.005000002682209015
2013-11-29,0.0005816526686084345,-0.009999997913837433,-0.009999997913837433
2013-12-06,-0.00039884393260081197,-0.00299999862909317,-0.00299999862909317
2013-12-13,-0.01662977498797602,0.007999997586011887,0.007999997586011887
2013-12-20,0.023932310214496155,-0.004999998956918716,-0.004999998956918716
2013-12-27,0.012613196801037674,0.00299999862909317,0.00299999862909317
2014-01-03,-0.005461847149693,0.0,0.0
2014-01-10,0.0059884656521500546,-0.02499999850988388,-0.02499999850988388
2014-01-17,-0.0019940100106188297,-0.0030000004917383194,-0.0030000004917383194
2014-01-24,-0.02668113389932536,0.0030000004917383194,0.0030000004917383194
2014-01-31,-0.004310295981435175,-0.023000000044703484,-0.023000000044703484
2014-02-07,0.008062404527610312,0.06199999712407589,0.06199999712407589
2014-02-14,0.022890983464113113,-0.06199999712407589,-0.06199999712407589
2014-02-21,-0.001295283226884436,0.02500000037252903,0.02500000037252903
2014-02-28,0.012555270307435862,0.008000001311302185,0.008000001311302185
2014-03-07,0.009947981799995453,0.0020000003278255463,0.0020000003278255463
2014-03-14,-0.01984918440655381,-0.005000002682209015,-0.005000002682209015
2014-03-21,0.013696228814690237,0.005000002682209015,0.005000002682209015
2014-03-28,-0.004779649165984168,-0.012000001966953278,-0.012000001966953278
2014-04-04,0.00401319512252396,-0.013000000268220901,-0.013000000268220901
2014-04-11,-0.026843762487291478,0.009999999776482582,0.009999999776482582
2014-04-18,0.026715079324304725,-0.004999998956918716,-0.004999998956918716
2014-04-25,-0.0007778186789924035,-0.018000000156462193,-0.018000000156462193
2014-05-02,0.009475194695633071,0.007999999448657036,0.007999999448657036
2014-05-09,-0.001415055046525282,0.007000000216066837,0.007000000216066837
2014-05-16,-0.0003301059693523456,-0.007000000216066837,-0.007000000216066837
2014-05-23,0.011999987241506638,0.013000001199543476,0.013000001199543476
2014-05-30,0.01204999656193273,0.001999998465180397,0.001999998465180397
2014-06-06,0.01335931516856892,-0.001999998465180397,-0.001999998465180397
2014-06-13,-0.006835474066898328,0.001999998465180397,0.001999998465180397
2014-06-20,0.013701037727246401,-0.019999999552965164,-0.019999999552965164
2014-06-27,-0.0009735561183550345,0.007999999448657036,0.007999999448657036
2014-07-04,0.012406393202616606,-0.014999999199062586,-0.014999999199062586
2014-07-11,-0.009041271009171403,0.011999999638646841,0.011999999638646841
2014-07-18,0.005398184140693374,-0.004999999888241291,-0.004999999888241291
2014-07-25,6.0656286849258834e-05,0.009999999776482582,0.009999999776482582
2014-08-01,-0.027254192487278672,-0.0020000003278255463,-0.0020000003278255463
2014-08-08,0.0033395807899090357,0.0020000003278255463,0.0020000003278255463
2014-08-15,0.012077433220323286,0.0020000003278255463,0.0020000003278255463
2014-08-22,0.01690939404284908,-0.007000000216066837,-0.007000000216066837
2014-08-29,0.00750045258620613,0.0029999995604157448,0.0029999995604157448
2014-09-05,0.002163989529742061,0.0020000003278255463,0.0020000003278255463
2014-09-12,-0.0111038125139169,-0.009999999776482582,-0.009999999776482582
2014-09-19,0.012442782272471753,-0.0029999995604157448,-0.0029999995604157448
2014-09-26,-0.013798527992359588,-0.0020000003278255463,-0.0020000003278255463
2014-10-03,-0.007568194661711658,0.004999999888241291,0.004999999888241291
2014-10-10,-0.03189198560299378,-0.004999999888241291,-0.004999999888241291
2014-10-17,-0.010213933670145003,0.01699999999254942,0.01699999999254942
2014-10-24,0.040417382184736006,-0.01699999999254942,-0.01699999999254942
2014-10-31,0.026853263178451492,-0.001999999862164259,-0.001999999862164259
2014-11-07,0.006849457662848835,0.014999999199062586,0.014999999199062586
2014-11-14,0.0038803618478757684,-0.014999999199062586,-0.014999999199062586
2014-11-21,0.011542027872669003,0.0,0.0
2014-11-28,0.001965626179912583,0.001999999862164259,0.001999999862164259
2014-12-05,0.003770311115176561,0.004999999888241291,0.004999999888241291
2014-12-12,-0.03582802697863574,0.004999999888241291,0.004999999888241291
2014-12-19,0.033551039959320406,0.010000000707805157,0.010000000707805157
2014-12-26,0.008712864850678237,-0.015000000596046448,-0.015000000596046448
2015-01-02,-0.014743594640800772,0.004999999888241291,0.004999999888241291
2015-01-09,-0.0065268863983343195,0.0,0.0
2015-01-16,-0.012494541065562359,0.0029999995604157448,0.0029999995604157448
2015-01-23,0.015916874246918233,-0.004999998956918716,-0.004999998956918716
2015-01-30,-0.02808820457631178,-0.00800000037997961,-0.00800000037997961
2015-02-06,0.02986548510424658,0.009999999776482582,0.009999999776482582
2015-02-13,0.019998460527117956,-0.009999999776482582,-0.009999999776482582
2015-02-20,0.006327162079906579,0.004999999888241291,0.004999999888241291
2015-02-27,-0.002752231385643178,-0.0019999993965029716,-0.0019999993965029716
2015-03-06,-0.015920786764270112,-0.0030000004917383194,-0.0030000004917383194
2015-03-13,-0.008660214139809774,0.018000000156462193,0.018000000156462193
2015-03-20,0.02629020588401154,-0.02000000001862645,-0.02000000001862645
2015-03-27,-0.02258609884351337,0.026999999303370714,0.026999999303370714
2015-04-03,0.0028778945314851256,-0.019999999552965164,-0.019999999552965164
2015-04-10,0.016838934269007844,0.004999999888241291,0.004999999888241291
2015-04-17,-0.009982836464490497,-0.0019999993965029716,-0.0019999993965029716
2015-04-24,0.01739083660246088,0.0019999993965029716,0.0019999993965029716
2015-05-01,-0.004448633400754076,-0.011999999638646841,-0.011999999638646841
2015-05-08,0.003697607105137557,0.0,0.0
2015-05-15,0.003128168903525186,0.00699999975040555,0.00699999975040555
2015-05-22,0.0015675421831957692,0.0,0.0
2015-05-29,-0.008820365079976966,-0.00699999975040555,-0.00699999975040555
2015-06-05,-0.0069329096442780624,0.00699999975040555,0.00699999975040555
2015-06-12,0.0006114390366374067,-0.004999999888241291,-0.004999999888241291
2015-06-19,0.0075545101051144314,-0.001999999862164259,-0.001999999862164259
2015-06-26,-0.004036591213088414,0.001999999862164259,0.001999999862164259
2015-07-03,-0.01182798091105397,-0.001999999862164259,-0.001999999862164259
2015-07-10,-7.700298734203415e-05,0.005000000353902578,0.005000000353902578
2015-07-17,0.023801590512044335,0.004999999888241291,0.004999999888241291
2015-07-24,-0.022343655546952057,0.016999999061226845,0.016999999061226845
2015-07-31,0.011564724767179513,0.0279999990016222,0.0279999990016222
2015-08-07,-0.01256531370524705,-0.00299999862909317,-0.00299999862909317
2015-08-14,0.006701680996036075,0.02499999850988388,0.02499999850988388
2015-08-21,-0.05941543061185239,-0.05999999865889549,-0.05999999865889549
2015-08-28,0.009081410991923278,0.030000001192092896,0.030000001192092896
2015-09-04,-0.034606250138055294,-0.02500000037252903,-0.02500000037252903
2015-09-11,0.020519683317876236,-0.0020000003278255463,-0.0020000003278255463
2015-09-18,-0.0015411882731797277,-0.013000000268220901,-0.013000000268220901
2015-09-25,-0.013724835887826359,0.009999999776482582,0.009999999776482582
2015-10-02,0.010312513048480909,-0.011999999172985554,-0.011999999172985554
2015-10-09,0.032038052736985456,-0.005000000353902578,-0.005000000353902578
2015-10-16,0.009002022600318682,0.001999999862164259,0.001999999862164259
2015-10-23,0.020466759958481795,-0.001999999862164259,-0.001999999862164259
2015-10-30,0.002026812552870183,0.06500000366941094,0.06500000366941094
2015-11-06,0.009496090787712852,0.004999995231628418,0.004999995231628418
2015-11-13,-0.03695494659340959,0.03999999910593033,0.03999999910593033
2015-11-20,0.03216547060432973,-0.019999995827674866,-0.019999995827674866
2015-11-27,0.00044992704779023285,0.06699999421834946,0.06699999421834946
2015-12-04,0.0007555760873731998,0.04500000178813934,0.04500000178813934
2015-12-11,-0.03865919412890584,0.008000001311302185,0.008000001311302185
2015-12-18,-0.003394767822229028,-0.03800000250339508,-0.03800000250339508
2015-12-25,0.027268083442415936,0.008000001311302185,0.008000001311302185
2016-01-01,-0.008307156108529945,-0.034999996423721313,-0.034999996423721313
2016-01-08,-0.06149735462626449,0.041999995708465576,0.041999995708465576
2016-01-15,-0.021934664428090223,0.03300000727176666,0.03300000727176666
2016-01-22,0.014031629679691626,0.06499998271465302,0.06499998271465302
2016-01-29,0.017332772069166502,0.012000024318695068,0.012000024318695068
2016-02-05,-0.03151327352602795,-0.022000014781951904,-0.022000014781951904
2016-02-12,-0.008155298822788204,-0.007999986410140991,-0.007999986410140991
2016-02-19,0.0280251829615894,0.01299998164176941,0.01299998164176941
2016-02-26,0.015660614963805664,0.02000001072883606,0.02000001072883606
2016-03-04,0.026313278357408265,-0.038000017404556274,-0.038000017404556274
2016-03-11,0.011038877913644995,0.04300001263618469,0.04300001263618469
2016-03-18,0.01345387865047254,-0.02799999713897705,-0.02799999713897705
2016-03-25,-0.006677332302523098,-0.004999995231628418,-0.004999995231628418
2016-04-01,0.017933115642854602,-0.05700001120567322,-0.05700001120567322
2016-04-08,-0.012222351891024275,0.0,0.0
2016-04-15,0.01605042061432993,-0.008000001311302185,-0.008000001311302185
2016-04-22,0.005201014288148009,0.015000000596046448,0.015000000596046448
2016-04-29,-0.012644280626898485,-0.031999990344047546,-0.031999990344047546
2016-05-06,-0.003958901535865422,-0.012999996542930603,-0.012999996542930603
2016-05-13,-0.005131857763938541,0.07799997925758362,0.07799997925758362
2016-05-20,0.0027861352239355597,0.04000002145767212,0.04000002145767212
2016-05-27,0.022518759506982455,0.0,0.0
2016-06-03,3.326396362801631e-05,-0.02799999713897705,-0.02799999713897705
2016-06-10,-0.0014587218875439234,-0.03000001609325409,-0.03000001609325409
2016-06-17,-0.01192640395905542,0.008000001311302185,0.008000001311302185
2016-06-24,-0.016458381347570494,-0.009999990463256836,-0.009999990463256836
2016-07-01,0.03166168750613707,0.004999995231628418,0.004999995231628418
2016-07-08,0.012733886751936652,0.030000001192092896,0.030000001192092896
2016-07-15,0.014838464036151855,0.025000005960464478,0.025000005960464478
2016-07-22,0.006129022570202203,0.004999995231628418,0.004999995231628418
2016-07-29,-0.0006576469602688206,-0.06300000846385956,-0.06300000846385956
2016-08-05,0.00425575434478187,0.01000000536441803,0.01000000536441803
2016-08-12,0.0005403953470555223,0.013000011444091797,0.013000011444091797
2016-08-19,-8.23877881863666e-05,0.030000001192092896,0.030000001192092896
2016-08-26,-0.006813894599991599,0.01199999451637268,0.01199999451637268
2016-09-02,0.0050310021256123605,-0.0020000040531158447,-0.0020000040531158447
2016-09-09,-0.024222384171594946,0.030000001192092896,0.030000001192092896
2016-09-16,0.005319878209278706,-0.06000000238418579,-0.06000000238418579
2016-09-23,0.011863949541968566,-0.10799999535083771,-0.10799999535083771
2016-09-30,0.001652486508970874,0.09499998390674591,0.09499998390674591
2016-10-07,-0.006723762325702154,0.050000011920928955,0.050000011920928955
2016-10-14,-0.009685807427145754,-0.02000001072883606,-0.02000001072883606
2016-10-21,0.003827643377673162,0.025000005960464478,0.025000005960464478
2016-10-28,-0.0069126267840999844,-0.041999995708465576,-0.041999995708465576
2016-11-04,-0.01957992074069015,0.08500000834465027,0.08500000834465027
2016-11-11,0.03731111537457643,0.09999999403953552,0.09999999403953552
2016-11-18,0.00802974703817938,-0.03999999165534973,-0.03999999165534973
2016-11-25,0.014311236944799965,0.06199997663497925,0.06199997663497925
2016-12-02,-0.009715712703308732,-0.02499997615814209,-0.02499997615814209
2016-12-09,0.03036530369018209,0.06499996781349182,0.06499996781349182
2016-12-16,-0.0006463436146475487,-0.034999966621398926,-0.034999966621398926
2016-12-23,0.002529920704368749,0.014999985694885254,0.014999985694885254
2016-12-30,-0.011086974233945668,-0.02000001072883606,-0.02000001072883606
2017-01-06,0.016896552101805185,0.02300003170967102,0.02300003170967102
2017-01-13,-0.0010282440810414073,0.009999990463256836,0.009999990463256836
2017-01-20,-0.0014649675494275982,-0.033000022172927856,-0.033000022172927856
2017-01-27,0.010240949253856435,0.018000006675720215,0.018000006675720215
2017-02-03,0.001188987577231515,-0.009999990463256836,-0.009999990463256836
2017-02-10,0.008098058656715423,0.034999996423721313,0.034999996423721313
2017-02-17,0.015024007171105858,-0.014999985694885254,-0.014999985694885254
2017-02-24,0.006858213076555764,-0.010000020265579224,-0.010000020265579224
2017-03-03,0.006643603632693562,0.18500003218650818,0.18500003218650818
2017-03-10,-0.0044241613110944655,0.041999995708465576,0.041999995708465576
2017-03-17,0.002378481699549795,-0.017000019550323486,-0.017000019550323486
2017-03-24,-0.014514592181788188,0.04000002145767212,0.04000002145767212
2017-03-31,0.00796315442104678,-0.010000050067901611,-0.010000050067901611
2017-04-07,-0.0030434682140842995,0.06000000238418579,0.06000000238418579
2017-04-14,-0.011352515864966328,-0.007999956607818604,-0.007999956607818604
2017-04-21,0.008440199704264018,-0.027000010013580322,-0.027000010013580322
2017-04-28,0.015005916852985024,0.01699995994567871,0.01699995994567871
2017-05-05,0.006309258712225763,0.08799999952316284,0.08799999952316284
2017-05-12,-0.0035030532823361327,-0.012999951839447021,-0.012999951839447021
2017-05-19,-0.0038427170696699875,0.03299999237060547,0.03299999237060547
2017-05-26,0.014211696100246307,0.022000014781951904,0.022000014781951904
2017-06-02,0.009578044853408407,0.042999982833862305,0.042999982833862305
2017-06-09,-0.0029974518408080186,0.027000010013580322,0.027000010013580322
2017-06-16,0.0005672787514132693,0.004999995231628418,0.004999995231628418
2017-06-23,0.0021144211496615384,-0.05199998617172241,-0.05199998617172241
2017-06-30,-0.006125492222656348,0.059999942779541016,0.059999942779541016
2017-07-07,0.0007301172781852827,0.01500004529953003,0.01500004529953003
2017-07-14,0.013958845628734728,0.0,0.0
2017-07-21,0.005381412259641394,0.12999999523162842,0.12999999523162842
2017-07-28,-0.00017794678490101745,-0.08500003814697266,-0.08500003814697266
2017-08-04,0.0019115169303196566,0.0,0.0
2017-08-11,-0.014440643651571605,-0.039999961853027344,-0.039999961853027344
2017-08-18,-0.00648058170604493,-0.025000035762786865,-0.025000035762786865
2017-08-25,0.007188955764351412,0.00700002908706665,0.00700002908706665
2017-09-01,0.013619203650415912,-0.009999990463256836,-0.009999990463256836
2017-09-08,-0.0061240282473127294,0.034999966621398926,0.034999966621398926
2017-09-15,0.015640265735444636,-0.009999990463256836,-0.009999990463256836
2017-09-22,0.0007956062964220578,-0.006999969482421875,-0.006999969482421875
2017-09-29,0.00682661752546565,0.02499997615814209,0.02499997615814209
2017-10-06,0.011825666541540159,0.014999985694885254,0.014999985694885254
2017-10-13,0.0015050835766228232,0.006999969482421875,0.006999969482421875
2017-10-20,0.008595375249109694,0.02500009536743164,0.02500009536743164
2017-10-27,0.0022729991046306353,-0.002000093460083008,-0.002000093460083008
2017-11-03,0.0026195167638238814,0.07500004768371582,0.07500004768371582
2017-11-10,-0.0021430913036688537,0.05200004577636719,0.05200004577636719
2017-11-17,-0.0013368925870382853,0.039999961853027344,0.039999961853027344
2017-11-24,0.009098150343445965,0.0,0.0
2017-12-01,0.01517771045420524,-0.004999995231628418,-0.004999995231628418
2017-12-08,0.00350605579985519,0.018000006675720215,0.018000006675720215
2017-12-15,0.00912664255301543,0.031999945640563965,0.031999945640563965
2017-12-22,0.0028101598374510317,0.013000011444091797,0.013000011444091797
2017-12-29,-0.00363266067964485,0.057000041007995605,0.057000041007995605
2018-01-05,0.025677200206246198,0.014999985694885254,0.014999985694885254
2018-01-12,0.01558615364105087,0.039999961853027344,0.039999961853027344
2018-01-19,0.008598243434415842,-0.006999969482421875,-0.006999969482421875
2018-01-26,0.022020314308120348,-0.014999985694885254,-0.014999985694885254
2018-02-02,-0.039309492100227494,0.06200003623962402,0.06200003623962402
2018-02-09,-0.052999512859473796,0.07499992847442627,0.07499992847442627
2018-02-16,0.04211188889405726,0.04500007629394531,0.04500007629394531
2018-02-23,0.005504174140551044,0.034999966621398926,0.034999966621398926
2018-03-02,-0.020612859274173445,0.0,0.0
2018-03-09,0.0348057036668985,0.029999971389770508,0.029999971389770508
2018-03-16,-0.012479916029366045,0.10300004482269287,0.10300004482269287
2018-03-23,-0.061345718289889106,-0.05000007152557373,-0.05000007152557373
2018-03-30,0.02012261365509449,-0.018000006675720215,-0.018000006675720215
2018-04-06,-0.013879264336722485,0.009999990463256836,0.009999990463256836
2018-04-13,0.019705007062396085,0.03800010681152344,0.03800010681152344
2018-04-20,0.005196669838798407,0.04699993133544922,0.04699993133544922
2018-04-27,-8.613420372682867e-05,0.004999995231628418,0.004999995231628418
2018-05-04,-0.0024337491360251207,0.023000001907348633,0.023000001907348633
2018-05-11,0.02385510275293523,0.06700003147125244,0.06700003147125244
2018-05-18,-0.00542211972951101,-0.004999995231628418,-0.004999995231628418
2018-05-25,0.0030767951500489943,-0.001999974250793457,-0.001999974250793457
2018-06-01,0.004871769305936802,0.014999985694885254,0.014999985694885254
2018-06-08,0.016109427091007156,0.011999964714050293,0.011999964714050293
2018-06-15,0.00022662995124189678,0.008000016212463379,0.008000016212463379
2018-06-22,-0.008954744496251443,-0.018000006675720215,-0.018000006675720215
2018-06-29,-0.013341362868667161,0.009999990463256836,0.009999990463256836
2018-07-06,0.015133005899877539,0.02499997615814209,0.02499997615814209
2018-07-13,0.014921700849027886,0.023000001907348633,0.023000001907348633
2018-07-20,0.000185617178958708,0.004999995231628418,0.004999995231628418
2018-07-27,0.006045578905944815,0.012000083923339844,0.012000083923339844
2018-08-03,0.007608936483701534,0.014999985694885254,0.014999985694885254
2018-08-10,-0.002492256936292847,0.039999961853027344,0.039999961853027344
2018-08-17,0.005929504696959853,-0.004999995231628418,-0.004999995231628418
2018-08-24,0.00858025580726185,0.05300009250640869,0.05300009250640869
2018-08-31,0.00928992237646753,0.006999969482421875,0.006999969482421875
2018-09-07,-0.010337543781777647,0.03299999237060547,0.03299999237060547
2018-09-14,0.011529298314459702,0.014999866485595703,0.014999866485595703
2018-09-21,0.008463263157570289,0.019999980926513672,0.019999980926513672
2018-09-28,-0.005369924403918702,0.02700018882751465,0.02700018882751465
2018-10-05,-0.009797359836994701,0.014999866485595703,0.014999866485595703
2018-10-12,-0.041911838149270686,0.05299997329711914,0.05299997329711914
2018-10-19,0.000234925770315364,0.04200005531311035,0.04200005531311035
2018-10-26,-0.040212067169601795,0.013000011444091797,0.013000011444091797
2018-11-02,0.023922771243904073,0.0,0.0
2018-11-09,0.021057905098513352,0.026999950408935547,0.026999950408935547
2018-11-16,-0.01621848834596662,0.0,0.0
2018-11-23,-0.03863890719339569,0.04800009727478027,0.04800009727478027
2018-11-30,0.04733546468431715,-0.039999961853027344,-0.039999961853027344
2018-12-07,-0.04713795041466007,0.031999826431274414,0.031999826431274414
2018-12-14,-0.012662098023152879,0.0280001163482666,0.0280001163482666
2018-12-21,-0.07312227713336927,-0.03800010681152344,-0.03800010681152344
2018-12-28,0.02820047985107621,-0.0019998550415039062,-0.0019998550415039062
2019-01-04,0.018415386166265257,0.029999971389770508,0.029999971389770508
2019-01-11,0.02508616749452841,0.011999845504760742,0.011999845504760742
2019-01-18,0.028272388367691192,-0.021999835968017578,-0.021999835968017578
2019-01-25,-0.0022303390970259684,-0.019999980926513672,-0.019999980926513672
2019-02-01,0.015553381502311225,0.011999845504760742,0.011999845504760742
2019-02-08,0.0004986152011037248,0.02500009536743164,0.02500009536743164
2019-02-15,0.02470097758162737,0.004999876022338867,0.004999876022338867
2019-02-22,0.006131124256201659,0.023000001907348633,0.023000001907348633
2019-03-01,0.003938286330376073,-0.014999866485595703,-0.014999866485595703
2019-03-08,-0.02185862975887254,0.014999866485595703,0.014999866485595703
2019-03-15,0.028538168125148644,-0.004999876022338867,-0.004999876022338867
2019-03-22,-0.007742981661372106,0.009999990463256836,0.009999990463256836
2019-03-29,0.011957297596611127,-0.06999993324279785,-0.06999993324279785
2019-04-05,0.02037390635908576,0.04199981689453125,0.04199981689453125
2019-04-12,0.005058473799241625,0.005000114440917969,0.005000114440917969
2019-04-19,-0.0008188929157055824,-0.009999990463256836,-0.009999990463256836
2019-04-26,0.011924996971923285,-0.005000114440917969,-0.005000114440917969
2019-05-03,0.001957350182968831,0.00800013542175293,0.00800013542175293
2019-05-10,-0.022049821259407132,0.0019998550415039062,0.0019998550415039062
2019-05-17,-0.007618967345103478,-0.039999961853027344,-0.039999961853027344
2019-05-24,-0.011773749715358939,-0.04199981689453125,-0.04199981689453125
2019-05-31,-0.026533792742947426,0.004999876022338867,0.004999876022338867
2019-06-07,0.04312540332884751,-0.07800006866455078,-0.07800006866455078
2019-06-14,0.004735819506274552,-0.08999991416931152,-0.08999991416931152
2019-06-21,0.021750110874492634,-0.06999993324279785,-0.06999993324279785
2019-06-28,-0.0029530321465882636,-0.019999980926513672,-0.019999980926513672
2019-07-05,0.016402427344077708,0.12800002098083496,0.12800002098083496
2019-07-12,0.007781320865428043,-0.07300019264221191,-0.07300019264221191
2019-07-19,-0.012406688048744563,-0.07699990272521973,-0.07699990272521973
2019-07-26,0.01641027892618485,0.04999995231628418,0.04999995231628418
2019-08-02,-0.03149353036161173,-0.06299996376037598,-0.06299996376037598
2019-08-09,-0.004580706591461592,-0.04999995231628418,-0.04999995231628418
2019-08-16,-0.01032152043272383,-0.127000093460083,-0.127000093460083
2019-08-23,-0.01449514427248122,0.08700001239776611,0.08700001239776611
2019-08-30,0.027489005661775145,0.023000001907348633,0.023000001907348633
2019-09-06,0.017696819671872532,-0.023000001907348633,-0.023000001907348633
2019-09-13,0.009582249474686222,-0.009999990463256836,-0.009999990463256836
2019-09-20,-0.00510707884257755,-0.04999995231628418,-0.04999995231628418
2019-09-27,-0.01017164992815811,-0.12000000476837158,-0.12000000476837158
2019-10-04,-0.0033075309046814994,-0.07500004768371582,-0.07500004768371582
2019-10-11,0.006166566774625792,-0.031999945640563965,-0.031999945640563965
2019-10-18,0.005348795410051288,0.001999974250793457,0.001999974250793457
2019-10-25,0.012099202362614747,0.0,0.0
2019-11-01,0.014569649285602893,-0.13999998569488525,-0.13999998569488525
2019-11-08,0.00849687207517924,0.02499997615814209,0.02499997615814209
2019-11-15,0.008813030850470582,0.018000006675720215,0.018000006675720215
2019-11-22,-0.003264432341635981,0.014999985694885254,0.014999985694885254
2019-11-29,0.009818864927717996,-0.003000020980834961,-0.003000020980834961
2019-12-06,0.0015683216138171474,-0.059999942779541016,-0.059999942779541016
2019-12-13,0.0072498142016623746,0.042999982833862305,0.042999982833862305
2019-12-20,0.016407177956679675,0.004999995231628418,0.004999995231628418
2019-12-27,0.005819347961541155,-0.009999990463256836,-0.009999990463256836
2020-01-03,-0.0015969194377962737,-0.04499995708465576,-0.04499995708465576
2020-01-10,0.009384395224719455,0.02499997615814209,0.02499997615814209
2020-01-17,0.01949123412244269,0.02499997615814209,0.02499997615814209
2020-01-24,-0.01030942930573886,-0.03299999237060547,-0.03299999237060547
2020-01-31,-0.02145460564122814,0.019999980926513672,0.019999980926513672
2020-02-07,0.031190184385254227,0.008000016212463379,0.008000016212463379
2020-02-14,0.015638651650276003,0.01699995994567871,0.01699995994567871
2020-02-21,-0.012626092362680197,-0.01699995994567871,-0.01699995994567871
2020-02-28,-0.12206228058123791,-0.2879999876022339,-0.2879999876022339
2020-03-06,0.006125007114764713,-0.8150000274181366,-0.8150000274181366
2020-03-13,-0.09203469877635584,-0.171999990940094,-0.171999990940094
2020-03-20,-0.16227902025217134,-0.2760000005364418,-0.2760000005364418
2020-03-27,0.09769670746182868,-0.02499999850988388,-0.02499999850988388
2020-04-03,-0.021002286720212204,0.11599999666213989,0.11599999666213989
2020-04-10,0.11423674659145266,0.15199999511241913,0.15199999511241913
2020-04-17,0.029922537316123154,-0.10699999332427979,-0.10699999332427979
2020-04-24,-0.0132441373628982,-0.00299999862909317,-0.00299999862909317
2020-05-01,-0.0021279522975055087,-0.006999999284744263,-0.006999999284744263
2020-05-08,0.03440662819770335,0.001999996602535248,0.001999996602535248
2020-05-15,-0.02281970002174205,0.008000001311302185,0.008000001311302185
2020-05-22,0.03153642904874854,0.006999999284744263,0.006999999284744263
2020-05-29,0.029623386739163315,0.018000006675720215,0.018000006675720215
2020-06-05,0.04797781831135417,0.0169999897480011,0.0169999897480011
2020-06-12,-0.048963749140176205,0.005000010132789612,0.005000010132789612
2020-06-19,0.018384447290385353,-0.006999999284744263,-0.006999999284744263
2020-06-26,-0.029048379654133427,-0.01000000536441803,-0.01000000536441803
2020-07-03,0.03941177200197643,0.0,0.0
2020-07-10,0.01742865752419931,-0.0130000039935112,-0.0130000039935112
2020-07-17,0.012384359676667955,-0.015000000596046448,-0.015000000596046448
2020-07-24,-0.0028259612523484634,-0.006999999284744263,-0.006999999284744263
2020-07-31,0.017109211233298893,-0.015000000596046448,-0.015000000596046448
2020-08-07,0.024209901416632817,0.005000002682209015,0.005000002682209015
2020-08-14,0.006415742093192733,0.0,0.0
2020-08-21,0.007181649333377393,0.0,0.0
2020-08-28,0.032109165336663636,0.006999999284744263,0.006999999284744263
2020-09-04,-0.02337536850739319,0.008000001311302185,0.008000001311302185
2020-09-11,-0.025412384191595194,0.0,0.0
2020-09-18,-0.006456052413009061,-0.020000003278255463,-0.020000003278255463
2020-09-25,-0.00634944176447938,0.00700000673532486,0.00700000673532486
2020-10-02,0.01503288841571404,-0.005000002682209015,-0.005000002682209015
2020-10-09,0.03772151646124122,0.008000001311302185,0.008000001311302185
2020-10-16,0.0019164533875191125,-0.00299999862909317,-0.00299999862909317
2020-10-23,-0.005301389882630403,-0.00700000673532486,-0.00700000673532486
2020-10-30,-0.05804740894960858,0.0,0.0
2020-11-06,0.07067872342108927,0.0,0.0
2020-11-13,0.021343823047692112,0.0,0.0
2020-11-20,-0.0077309811914823,-0.02499999850988388,-0.02499999850988388
2020-11-27,0.022461003266274204,0.015000000596046448,0.015000000596046448
2020-12-04,0.016564676188117744,0.0020000040531158447,0.0020000040531158447
2020-12-11,-0.009686939829268937,-0.01000000536441803,-0.01000000536441803
2020-12-18,0.012464765254229349,0.015000000596046448,0.015000000596046448
2020-12-25,-0.0017132899273750724,-0.004999995231628418,-0.004999995231628418
2021-01-01,0.014213695517916847,-0.01000000536441803,-0.01000000536441803
2021-01-08,0.018101569555078356,0.015000000596046448,0.015000000596046448
2021-01-15,-0.014864083066347789,-0.004999995231628418,-0.004999995231628418
2021-01-22,0.019244395510648715,-0.005000002682209015,-0.005000002682209015
2021-01-29,-0.033681019650268595,-0.02199999988079071,-0.02199999988079071
2021-02-05,0.045419856916019796,-0.02500000037252903,-0.02500000037252903
2021-02-12,0.012273763272926175,0.012000000104308128,0.012000000104308128
2021-02-19,-0.007172121187240421,-0.012000000104308128,-0.012000000104308128
2021-02-26,-0.024764622329168873,0.012000000104308128,0.012000000104308128
2021-03-05,0.0080464768657027,-0.006999999284744263,-0.006999999284744263
2021-03-12,0.026050670119081687,-0.0030000004917383194,-0.0030000004917383194
2021-03-19,-0.007698178528725563,-0.02000000048428774,-0.02000000048428774
2021-03-26,0.015579104270104338,0.009999999776482582,0.009999999776482582
2021-04-02,0.011340564984058332,-0.006999999284744263,-0.006999999284744263
2021-04-09,0.026737167595833,-0.005000000353902578,-0.005000000353902578
2021-04-16,0.013632294273229206,0.005000000353902578,0.005000000353902578
2021-04-23,-0.001267157944004893,0.006999999284744263,0.006999999284744263
2021-04-30,0.0002391961153236366,-0.011999999638646841,-0.011999999638646841
2021-05-07,0.01222539152459845,0.005000000353902578,0.005000000353902578
2021-05-14,-0.01397758986150599,-0.0030000004917383194,-0.0030000004917383194
2021-05-21,-0.004319541120116455,-0.001999999862164259,-0.001999999862164259
2021-05-28,0.011543232173748308,0.005000000353902578,0.005000000353902578
2021-06-04,0.006113434605238055,0.006999999284744263,0.006999999284744263
2021-06-11,0.004140414398674963,0.0029999995604157448,0.0029999995604157448
2021-06-18,-0.019252033547122238,0.010000001639127731,0.010000001639127731
2021-06-25,0.02705219208326426,0.015000000596046448,0.015000000596046448
2021-07-02,0.01659700235301287,-0.005000002682209015,-0.005000002682209015
2021-07-09,0.003946388676499879,0.005000002682209015,0.005000002682209015
2021-07-16,-0.0097485104896613,-0.005000002682209015,-0.005000002682209015
2021-07-23,0.01936903786245736,0.007000003010034561,0.007000003010034561
2021-07-30,-0.003753877453990029,-0.005000002682209015,-0.005000002682209015
2021-08-06,0.009343655546510732,0.0030000023543834686,0.0030000023543834686
2021-08-13,0.0070705914633251155,0.0020000003278255463,0.0020000003278255463
2021-08-20,-0.00591046694349906,-0.0020000003278255463,-0.0020000003278255463
2021-08-27,0.015127065902474257,0.0,0.0
2021-09-03,0.0057624557451578795,-0.0030000023543834686,-0.0030000023543834686
2021-09-10,-0.017089588702416947,-0.0020000003278255463,-0.0020000003278255463
2021-09-17,-0.005755994386371199,-0.009999997913837433,-0.009999997913837433
2021-09-24,0.005060442020591083,-0.0030000004917383194,-0.0030000004917383194
2021-10-01,-0.022341858155478178,0.0030000004917383194,0.0030000004917383194
2021-10-08,0.007841447422226366,0.011999998241662979,0.011999998241662979
2021-10-15,0.018060491462238204,-0.0020000003278255463,-0.0020000003278255463
2021-10-22,0.016310828128297317,0.012000001966953278,0.012000001966953278
2021-10-29,0.013219456157893106,-0.0020000003278255463,-0.0020000003278255463
2021-11-05,0.01981163306728284,-0.008000001311302185,-0.008000001311302185
2021-11-12,-0.0031298731324405082,0.0030000023543834686,0.0030000023543834686
2021-11-19,0.0032214438313982185,0.0020000003278255463,0.0020000003278255463
2021-11-26,-0.022242284316419614,-0.0020000003278255463,-0.0020000003278255463
2021-12-03,-0.01230490330866374,0.0,0.0
2021-12-10,0.037535518968210724,0.006999999284744263,0.006999999284744263
2021-12-17,-0.01958344174069282,-0.020000001415610313,-0.020000001415610313
2021-12-24,0.022501497776318047,0.0279999990016222,0.0279999990016222
2021-12-31,0.008510431361198556,-0.02499999850988388,-0.02499999850988388
2022-01-07,-0.01888193520883341,0.054999999701976776,0.054999999701976776
2022-01-14,-0.0030363770352828112,0.030000001192092896,0.030000001192092896
2022-01-21,-0.0584906339684359,0.040000006556510925,0.040000006556510925
2022-01-28,0.007680889990282935,0.014999985694885254,0.014999985694885254
2022-02-04,0.01537799373936899,0.050000011920928955,0.050000011920928955
2022-02-11,-0.018363132505070823,0.11499999463558197,0.11499999463558197
2022-02-18,-0.015915919190083727,-0.02000001072883606,-0.02000001072883606
2022-02-25,0.008193714620185588,-0.019999980926513672,-0.019999980926513672
2022-03-04,-0.012803217756335528,0.006999999284744263,0.006999999284744263
2022-03-11,-0.02919636152145877,0.06000000238418579,0.06000000238418579
2022-03-18,0.05973789575759447,0.017999976873397827,0.017999976873397827
2022-03-25,0.017752707433132286,0.13699999451637268,0.13699999451637268
2022-04-01,0.0006160918569264595,-0.019999980926513672,-0.019999980926513672
2022-04-08,-0.012747391577866196,0.1679999828338623,0.1679999828338623
2022-04-15,-0.021550512229755014,0.08000004291534424,0.08000004291534424
2022-04-22,-0.027888442857880946,0.031999945640563965,0.031999945640563965
2022-04-29,-0.033285899203383096,0.028000056743621826,0.028000056743621826
2022-05-06,-0.002081176051547118,0.006999969482421875,0.006999969482421875
2022-05-13,-0.024414406912136144,0.12800002098083496,0.12800002098083496
2022-05-20,-0.030923831912865296,0.034999966621398926,0.034999966621398926
2022-05-27,0.06376672636097602,0.046999990940093994,0.046999990940093994
2022-06-03,-0.012024220429093901,0.11000001430511475,0.11000001430511475
2022-06-10,-0.05187067457796424,0.15299999713897705,0.15299999713897705
2022-06-17,-0.059687450965823174,0.22200000286102295,0.22200000286102295
2022-06-24,0.06247266708077248,0.08800005912780762,0.08800005912780762
2022-07-01,-0.022337526809735664,0.004999995231628418,0.004999995231628418
2022-07-08,0.019172777596061508,0.24000000953674316,0.24000000953674316
2022-07-15,-0.009332057423966589,0.39699995517730713,0.39699995517730713
2022-07-22,0.025170048494643993,0.11500000953674316,0.11500000953674316
2022-07-29,0.04169210472633722,-0.056999921798706055,-0.056999921798706055
2022-08-05,0.003600979877800725,0.1119999885559082,0.1119999885559082
2022-08-12,0.032039421131649704,0.08999991416931152,0.08999991416931152
2022-08-19,-0.012145447092120065,0.07999992370605469,0.07999992370605469
2022-08-26,-0.04123615468314057,0.17500019073486328,0.17500019073486328
2022-09-02,-0.033428630201123966,0.06499981880187988,0.06499981880187988
2022-09-09,0.03581636583692749,0.14800000190734863,0.14800000190734863
2022-09-16,-0.048879544412946174,0.10199999809265137,0.10199999809265137
2022-09-23,-0.0476132137081855,0.03800010681152344,0.03800010681152344
2022-09-30,-0.029569974033259783,0.07200002670288086,0.07200002670288086
2022-10-07,0.014958811945918526,0.11299991607666016,0.11299991607666016
2022-10-14,-0.015670252633039894,0.33500003814697266,0.33500003814697266
2022-10-21,0.04626891064664562,0.2569999694824219,0.2569999694824219
2022-10-28,0.03875942153966783,0.08500003814697266,0.08500003814697266
2022-11-04,-0.034027433734571844,0.042999982833862305,0.042999982833862305
2022-11-11,0.05730438776538449,0.05000019073486328,0.05000019073486328
2022-11-18,-0.00693365623819453,0.07200002670288086,0.07200002670288086
2022-11-25,0.015211538249088719,0.039999961853027344,0.039999961853027344
2022-12-02,0.011257428532237768,0.03299999237060547,0.03299999237060547
2022-12-09,-0.034307311357618886,-0.03500032424926758,-0.03500032424926758
2022-12-16,-0.02106730391656697,-0.009999752044677734,-0.009999752044677734
2022-12-23,-0.001959169800390015,0.029999732971191406,0.029999732971191406
2022-12-30,-0.0013846558087244887,0.0670003890991211,0.0670003890991211
2023-01-06,0.014372088533439964,0.2329998016357422,0.2329998016357422
2023-01-13,0.026352618893595192,-0.005000114440917969,-0.005000114440917969
2023-01-20,-0.006643520758201404,0.05000019073486328,0.05000019073486328
2023-01-27,0.024357260064389763,0.009999752044677734,0.009999752044677734
2023-02-03,0.0160645833875801,-0.02500009536743164,-0.02500009536743164
2023-02-10,-0.01118775629077362,0.1120004653930664,0.1120004653930664
2023-02-17,-0.002783477748426577,0.04499959945678711,0.04499959945678711
2023-02-24,-0.027097765815652153,0.023000240325927734,0.023000240325927734
2023-03-03,0.01886355141279239,0.014999866485595703,0.014999866485595703
2023-03-10,-0.046560692946361115,0.08500003814697266,0.08500003814697266
2023-03-17,0.014155077440349828,-0.5099997520446777,-0.5099997520446777
2023-03-24,0.013781315468142097,0.20999956130981445,0.20999956130981445
2023-03-31,0.03423971403194592,0.0820002555847168,0.0820002555847168
2023-04-07,-0.0010445257036781896,0.125,0.125
2023-04-14,0.007914990273818034,0.19299983978271484,0.19299983978271484
2023-04-21,-0.0009962610928688775,0.04699993133544922,0.04699993133544922
2023-04-28,0.008661974172291309,-0.026999950408935547,-0.026999950408935547
2023-05-05,-0.008001742857159044,0.15700006484985352,0.15700006484985352
2023-05-12,-0.0029465967014079553,-0.05200004577636719,-0.05200004577636719
2023-05-19,0.016330187803522023,0.057000160217285156,0.057000160217285156
2023-05-26,0.0032081782438648787,0.029999732971191406,0.029999732971191406
2023-06-02,0.01812527242041284,0.10000038146972656,0.10000038146972656
2023-06-09,0.003843217447347058,-0.12000036239624023,-0.12000036239624023
2023-06-16,0.025431839713627724,-0.029999732971191406,-0.029999732971191406
2023-06-23,-0.013989797871328591,0.07299995422363281,0.07299995422363281
2023-06-30,0.02319757814903589,0.014999866485595703,0.014999866485595703
2023-07-07,-0.011623538976568426,0.059999942779541016,0.059999942779541016
2023-07-14,0.02391517863699022,0.0020003318786621094,0.0020003318786621094
2023-07-21,0.0068393859614381824,0.03299999237060547,0.03299999237060547
2023-07-28,0.01006528984927435,0.006999969482421875,0.006999969482421875
2023-08-04,-0.023002605333680037,-0.0020003318786621094,-0.0020003318786621094
2023-08-11,-0.003126787615395088,0.012000083923339844,0.012000083923339844
2023-08-18,-0.021359745570789457,0.013000011444091797,0.013000011444091797
2023-08-25,0.008204781600333888,0.037000179290771484,0.037000179290771484
2023-09-01,0.024674301278624355,-0.04699993133544922,-0.04699993133544922
2023-09-08,-0.012989839366289502,0.02500009536743164,0.02500009536743164
2023-09-15,-0.0016099157161608701,0.004999637603759766,0.004999637603759766
2023-09-22,-0.02970665959489871,0.006999969482421875,0.006999969482421875
2023-09-29,-0.007437266011452337,-0.004999637603759766,-0.004999637603759766
2023-10-06,0.004757777097498916,0.04799985885620117,0.04799985885620117
2023-10-13,0.004464843118594075,-0.019999980926513672,-0.019999980926513672
2023-10-20,-0.024234197352219766,-0.0279998779296875,-0.0279998779296875
2023-10-27,-0.02560582298725045,0.004999637603759766,0.004999637603759766
2023-11-03,0.05687657659080436,-0.05200004577636719,-0.05200004577636719
2023-11-10,0.012971030729936217,-0.0029997825622558594,-0.0029997825622558594
2023-11-17,0.022125867574946056,-0.017000198364257812,-0.017000198364257812
2023-11-24,0.009989728565996003,0.019999980926513672,0.019999980926513672
2023-12-01,0.007710362814890459,-0.037999629974365234,-0.037999629974365234
2023-12-08,0.0021176732286214417,0.017999649047851562,0.017999649047851562
2023-12-15,0.024631284303199052,-0.007999897003173828,-0.007999897003173828
2023-12-22,0.007481693208946538,-0.01699972152709961,-0.01699972152709961
2023-12-29,0.0031918257369945024,-0.028000354766845703,-0.028000354766845703
2024-01-05,-0.015335529150803495,0.039999961853027344,0.039999961853027344
2024-01-12,0.01826634515060377,-0.021999835968017578,-0.021999835968017578
2024-01-19,0.011633978635327225,0.0,0.0
2024-01-26,0.010515215883765805,0.0019998550415039062,0.0019998550415039062
2024-02-02,0.013734740204215612,0.010000228881835938,0.010000228881835938
2024-02-09,0.013620341485358622,0.009999752044677734,0.009999752044677734
2024-02-16,-0.004194516160200834,0.0030002593994140625,0.0030002593994140625
2024-02-23,0.016490750722191194,0.01699972152709961,0.01699972152709961
2024-03-01,0.009442831862127576,-0.024999618530273438,-0.024999618530273438
2024-03-08,-0.0026099687049452314,0.013000011444091797,0.013000011444091797
2024-03-15,-0.0012889835947156314,0.009999752044677734,0.009999752044677734
2024-03-22,0.022624340059387293,-0.018000125885009766,-0.018000125885009766
2024-03-29,0.0038460959186288335,-0.01699972152709961,-0.01699972152709961
2024-04-05,-0.009563460690854342,0.012000083923339844,0.012000083923339844
2024-04-12,-0.015672599367524853,0.014999866485595703,0.014999866485595703
2024-04-19,-0.030957926745509567,0.014999866485595703,0.014999866485595703
2024-04-26,0.026370352164699185,-0.006999969482421875,-0.006999969482421875
2024-05-03,0.005442085856673273,-0.0029997825622558594,-0.0029997825622558594
2024-05-10,0.01833593900415309,0.007999897003173828,0.007999897003173828
2024-05-17,0.015312901354693764,-0.0030002593994140625,-0.0030002593994140625
2024-05-24,0.00027341565923322264,0.005000114440917969,0.005000114440917969
2024-05-31,-0.0051426796126818886,0.0,0.0
2024-06-07,0.01307947842535917,-0.006999969482421875,-0.006999969482421875
2024-06-14,0.015699938231456656,0.0019998550415039062,0.0019998550415039062
2024-06-21,0.006060839439602006,-0.024999618530273438,-0.024999618530273438
2024-06-28,-0.0007579128575354588,-0.0020003318786621094,-0.0020003318786621094
2024-07-05,0.019353733383116634,0.012000083923339844,0.012000083923339844
2024-07-12,0.008613508888274168,-0.026999950408935547,-0.026999950408935547
2024-07-19,-0.019847166500595037,-0.005000114440917969,-0.005000114440917969
2024-07-26,-0.008372811280764836,-0.037999629974365234,-0.037999629974365234
2024-08-02,-0.02083058448816466,-0.125,-0.125
2024-08-09,-0.00044896926228332745,0.04499959945678711,0.04499959945678711
2024-08-16,0.03855899533166962,0.0,0.0
2024-08-23,0.014364510064581282,-0.07499980926513672,-0.07499980926513672
2024-08-30,0.002444391384090139,-0.032000064849853516,-0.032000064849853516
2024-09-06,-0.043415317921876806,-0.059999942779541016,-0.059999942779541016
2024-09-13,0.03944528445461337,-0.14499998092651367,-0.14499998092651367
2024-09-20,0.01351114051560387,-0.21799993515014648,-0.21799993515014648
2024-09-27,0.006226921580973155,-0.06300020217895508,-0.06300020217895508
2024-10-04,0.0022455633357001403,0.023000240325927734,0.023000240325927734
2024-10-11,0.011060014193617462,0.009999752044677734,0.009999752044677734
2024-10-18,0.008500293134096282,-0.0019998550415039062,-0.0019998550415039062
2024-10-25,-0.009689242573923451,-0.0029997825622558594,-0.0029997825622558594
2024-11-01,-0.013750908025073727,-0.1100001335144043,-0.1100001335144043
2024-11-08,0.04550981538327292,0.02299976348876953,0.02299976348876953
2024-11-15,-0.021055595970876695,-0.029999732971191406,-0.029999732971191406
2024-11-22,0.016676072323962288,0.021999835968017578,0.021999835968017578
2024-11-29,0.010505264288612537,-0.04199981689453125,-0.04199981689453125
2024-12-06,0.009550812278895648,-0.07800006866455078,-0.07800006866455078
2024-12-13,-0.006454023638973183,-0.07700014114379883,-0.07700014114379883
2024-12-20,-0.020070837124528396,-0.0029997825622558594,-0.0029997825622558594
2024-12-27,0.006720036697572596,-0.037000179290771484,-0.037000179290771484
2025-01-03,-0.004762686842335384,0.014999866485595703,0.014999866485595703
2025-01-10,-0.019615748576219616,0.019999980926513672,0.019999980926513672
2025-01-17,0.028693514184261915,-0.019999980926513672,-0.019999980926513672
2025-01-24,0.017289394002652614,0.012000083923339844,0.012000083923339844
2025-01-31,-0.010000346749402311,-0.01699972152709961,-0.01699972152709961
2025-02-07,-0.0024099007492459634,0.039999961853027344,0.039999961853027344
2025-02-14,0.014602421068142135,-0.015000343322753906,-0.015000343322753906
2025-02-21,-0.01673884903445355,-0.015999794006347656,-0.015999794006347656
2025-02-28,-0.009798155932925212,-0.004000186920166016,-0.004000186920166016
2025-03-07,-0.03144046041308002,0.004000186920166016,0.004000186920166016
2025-03-14,-0.02301068161974129,-0.008999824523925781,-0.008999824523925781
2025-03-21,0.005062606167289374,-0.0030002593994140625,-0.0030002593994140625
2025-03-28,-0.015401489872290952,0.0030002593994140625,0.0030002593994140625
2025-04-04,-0.09521196738488591,-0.03299999237060547,-0.03299999237060547
2025-04-11,0.055445375761683735,0.057999610900878906,0.057999610900878906
2025-04-18,-0.015153251240086263,-0.007999897003173828,-0.007999897003173828
2025-04-25,0.04488388103659524,-0.012000083923339844,-0.012000083923339844
2025-05-02,0.028803577162056726,0.015000343322753906,0.015000343322753906
2025-05-09,-0.004716807188410499,0.006999969482421875,0.006999969482421875
2025-05-16,0.051390593746399205,0.021999835968017578,0.021999835968017578
2025-05-23,-0.026454636385176755,-0.006999969482421875,-0.006999969482421875
2025-05-30,0.018587760639375617,0.0019998550415039062,0.0019998550415039062
2025-06-06,0.01488770800739303,0.0,0.0
2025-06-13,-0.0039056581086747144,0.007999897003173828,0.007999897003173828
2025-06-20,-0.0015287598257636148,-0.04499959945678711,-0.04499959945678711
2025-06-27,0.03381122786853652,0.0019998550415039062,0.0019998550415039062
2025-07-04,0.01707023291340448,0.0429997444152832,0.0429997444152832
2025-07-11,-0.0031262392782345216,-0.0029997825622558594,-0.0029997825622558594
2025-07-18,0.005899737727851573,-0.006999969482421875,-0.006999969482421875
2025-07-25,0.014481448646655792,0.014999866485595703,0.014999866485595703
2025-08-01,-0.023860250896653667,-0.06299972534179688,-0.06299972534179688
2025-08-08,0.023987039575366964,-0.04900026321411133,-0.04900026321411133
2025-08-15,0.009400869027521352,-0.020999908447265625,-0.020999908447265625
2025-08-22,0.002649337427619969,-0.024000167846679688,-0.024000167846679688
2025-08-29,-0.0010289013375519573,-0.04499959945678711,-0.04499959945678711
2025-09-05,0.003282436674847844,-0.13300013542175293,-0.13300013542175293
2025-09-12,0.015734549452025348,0.017999887466430664,0.017999887466430664
2025-09-19,0.012087389989172692,-0.04999995231628418,-0.04999995231628418
2025-09-26,-0.0031048378913851593,-0.018000125885009766,-0.018000125885009766
2025-10-03,0.010792409322894159,-0.0019998550415039062,-0.0019998550415039062
2025-10-10,-0.02461332935008187,-0.005000114440917969,-0.005000114440917969
2025-10-17,0.01687322371280331,-0.020999908447265625,-0.020999908447265625
2025-10-24,0.011175322072284999,-0.029000043869018555,-0.029000043869018555
